date,part_number,functional_id,product_line,demand,is_active
2022-01-01,AL01-1874-QA,FID-AL-01,PL-Alpha,27,1
2022-02-01,AL01-1874-QA,FID-AL-01,PL-Alpha,23,1
2022-03-01,AL01-1874-QA,FID-AL-01,PL-Alpha,30,1
2022-04-01,AL01-1874-QA,FID-AL-01,PL-Alpha,29,1
2022-05-01,AL01-1874-QA,FID-AL-01,PL-Alpha,31,1
2022-06-01,AL01-1874-QA,FID-AL-01,PL-Alpha,29,1
2022-07-01,AL01-1874-QA,FID-AL-01,PL-Alpha,37,1
2022-08-01,AL01-1874-QA,FID-AL-01,PL-Alpha,37,1
2022-09-01,AL01-3810-HF,FID-AL-01,PL-Alpha,35,1
2022-10-01,AL01-3810-HF,FID-AL-01,PL-Alpha,41,1
2022-11-01,AL01-3810-HF,FID-AL-01,PL-Alpha,39,1
2022-12-01,AL01-3810-HF,FID-AL-01,PL-Alpha,35,1
2023-01-01,AL01-3810-HF,FID-AL-01,PL-Alpha,51,1
2023-02-01,AL01-3810-HF,FID-AL-01,PL-Alpha,36,1
2023-03-01,AL01-3810-HF,FID-AL-01,PL-Alpha,45,1
2023-04-01,AL01-7909-TR,FID-AL-01,PL-Alpha,42,1
2023-05-01,AL01-7909-TR,FID-AL-01,PL-Alpha,42,1
2023-06-01,AL01-7909-TR,FID-AL-01,PL-Alpha,41,1
2023-07-01,AL01-7909-TR,FID-AL-01,PL-Alpha,50,1
2023-08-01,AL01-7909-TR,FID-AL-01,PL-Alpha,45,1
2023-09-01,AL01-7909-TR,FID-AL-01,PL-Alpha,45,1
2023-10-01,AL01-7909-TR,FID-AL-01,PL-Alpha,47,1
2023-11-01,AL01-7909-TR,FID-AL-01,PL-Alpha,51,1
2023-12-01,AL01-7909-TR,FID-AL-01,PL-Alpha,51,1
2024-01-01,AL01-7909-TR,FID-AL-01,PL-Alpha,62,1
2024-02-01,AL01-7909-TR,FID-AL-01,PL-Alpha,54,1
2024-03-01,AL01-7909-TR,FID-AL-01,PL-Alpha,62,1
2024-04-01,AL01-8489-XC,FID-AL-01,PL-Alpha,52,1
2024-05-01,AL01-8489-XC,FID-AL-01,PL-Alpha,53,1
2024-06-01,AL01-8489-XC,FID-AL-01,PL-Alpha,53,1
2024-07-01,AL01-8489-XC,FID-AL-01,PL-Alpha,59,1
2024-08-01,AL01-8489-XC,FID-AL-01,PL-Alpha,63,1
2024-09-01,AL01-8489-XC,FID-AL-01,PL-Alpha,59,1
2024-10-01,AL01-8489-XC,FID-AL-01,PL-Alpha,57,1
2024-11-01,AL01-8489-XC,FID-AL-01,PL-Alpha,58,1
2024-12-01,AL01-8489-XC,FID-AL-01,PL-Alpha,65,1
2022-01-01,AL02-5156-KA,FID-AL-02,PL-Alpha,113,1
2022-02-01,AL02-5156-KA,FID-AL-02,PL-Alpha,89,1
2022-03-01,AL02-5156-KA,FID-AL-02,PL-Alpha,94,1
2022-04-01,AL02-5156-KA,FID-AL-02,PL-Alpha,69,1
2022-05-01,AL02-5156-KA,FID-AL-02,PL-Alpha,84,1
2022-06-01,AL02-5156-KA,FID-AL-02,PL-Alpha,83,1
2022-07-01,AL02-5156-KA,FID-AL-02,PL-Alpha,82,1
2022-08-01,AL02-5156-KA,FID-AL-02,PL-Alpha,88,1
2022-09-01,AL02-5156-KA,FID-AL-02,PL-Alpha,111,1
2022-10-01,AL02-5156-KA,FID-AL-02,PL-Alpha,82,1
2022-11-01,AL02-5156-KA,FID-AL-02,PL-Alpha,106,1
2022-12-01,AL02-5156-KA,FID-AL-02,PL-Alpha,74,1
2023-01-01,AL02-5156-KA,FID-AL-02,PL-Alpha,111,1
2023-02-01,AL02-5156-KA,FID-AL-02,PL-Alpha,99,1
2023-03-01,AL02-5156-KA,FID-AL-02,PL-Alpha,105,1
2023-04-01,AL02-5156-KA,FID-AL-02,PL-Alpha,108,1
2023-05-01,AL02-5156-KA,FID-AL-02,PL-Alpha,110,1
2023-06-01,AL02-5156-KA,FID-AL-02,PL-Alpha,97,1
2023-07-01,AL02-5156-KA,FID-AL-02,PL-Alpha,96,1
2023-08-01,AL02-5156-KA,FID-AL-02,PL-Alpha,114,1
2023-09-01,AL02-5156-KA,FID-AL-02,PL-Alpha,102,1
2023-10-01,AL02-5156-KA,FID-AL-02,PL-Alpha,89,1
2023-11-01,AL02-5156-KA,FID-AL-02,PL-Alpha,92,1
2023-12-01,AL02-7452-FN,FID-AL-02,PL-Alpha,95,1
2024-01-01,AL02-7452-FN,FID-AL-02,PL-Alpha,134,1
2024-02-01,AL02-7452-FN,FID-AL-02,PL-Alpha,111,1
2024-03-01,AL02-7452-FN,FID-AL-02,PL-Alpha,119,1
2024-04-01,AL02-7452-FN,FID-AL-02,PL-Alpha,106,1
2024-05-01,AL02-7452-FN,FID-AL-02,PL-Alpha,114,1
2024-06-01,AL02-7452-FN,FID-AL-02,PL-Alpha,121,1
2024-07-01,AL02-7452-FN,FID-AL-02,PL-Alpha,110,1
2024-08-01,AL02-7452-FN,FID-AL-02,PL-Alpha,121,1
2024-09-01,AL02-7452-FN,FID-AL-02,PL-Alpha,108,1
2024-10-01,AL02-7452-FN,FID-AL-02,PL-Alpha,112,1
2024-11-01,AL02-7452-FN,FID-AL-02,PL-Alpha,113,1
2024-12-01,AL02-7452-FN,FID-AL-02,PL-Alpha,104,1
2022-01-01,AL03-8140-AF,FID-AL-03,PL-Alpha,221,1
2022-02-01,AL03-8140-AF,FID-AL-03,PL-Alpha,171,1
2022-03-01,AL03-8140-AF,FID-AL-03,PL-Alpha,181,1
2022-04-01,AL03-8140-AF,FID-AL-03,PL-Alpha,137,1
2022-05-01,AL03-8140-AF,FID-AL-03,PL-Alpha,144,1
2022-06-01,AL03-8140-AF,FID-AL-03,PL-Alpha,148,1
2022-07-01,AL03-8140-AF,FID-AL-03,PL-Alpha,158,1
2022-08-01,AL03-8140-AF,FID-AL-03,PL-Alpha,196,1
2022-09-01,AL03-8140-AF,FID-AL-03,PL-Alpha,161,1
2022-10-01,AL03-8140-AF,FID-AL-03,PL-Alpha,176,1
2022-11-01,AL03-8140-AF,FID-AL-03,PL-Alpha,222,1
2022-12-01,AL03-8140-AF,FID-AL-03,PL-Alpha,178,1
2023-01-01,AL03-8140-AF,FID-AL-03,PL-Alpha,270,1
2023-02-01,AL03-8140-AF,FID-AL-03,PL-Alpha,163,1
2023-03-01,AL03-8140-AF,FID-AL-03,PL-Alpha,183,1
2023-04-01,AL03-8140-AF,FID-AL-03,PL-Alpha,164,1
2023-05-01,AL03-8140-AF,FID-AL-03,PL-Alpha,181,1
2023-06-01,AL03-8140-AF,FID-AL-03,PL-Alpha,213,1
2023-07-01,AL03-8140-AF,FID-AL-03,PL-Alpha,144,1
2023-08-01,AL03-8140-AF,FID-AL-03,PL-Alpha,203,1
2023-09-01,AL03-2535-QO,FID-AL-03,PL-Alpha,198,1
2023-10-01,AL03-2535-QO,FID-AL-03,PL-Alpha,176,1
2023-11-01,AL03-2535-QO,FID-AL-03,PL-Alpha,154,1
2023-12-01,AL03-2535-QO,FID-AL-03,PL-Alpha,195,1
2024-01-01,AL03-2535-QO,FID-AL-03,PL-Alpha,232,1
2024-02-01,AL03-2535-QO,FID-AL-03,PL-Alpha,201,1
2024-03-01,AL03-2535-QO,FID-AL-03,PL-Alpha,196,1
2024-04-01,AL03-2535-QO,FID-AL-03,PL-Alpha,239,1
2024-05-01,AL03-2535-QO,FID-AL-03,PL-Alpha,189,1
2024-06-01,AL03-2535-QO,FID-AL-03,PL-Alpha,169,1
2024-07-01,AL03-2535-QO,FID-AL-03,PL-Alpha,202,1
2024-08-01,AL03-2535-QO,FID-AL-03,PL-Alpha,204,1
2024-09-01,AL03-2535-QO,FID-AL-03,PL-Alpha,235,1
2024-10-01,AL03-2535-QO,FID-AL-03,PL-Alpha,221,1
2024-11-01,AL03-2535-QO,FID-AL-03,PL-Alpha,209,1
2024-12-01,AL03-2535-QO,FID-AL-03,PL-Alpha,239,1
2022-01-01,AL04-2481-FP,FID-AL-04,PL-Alpha,195,1
2022-02-01,AL04-2481-FP,FID-AL-04,PL-Alpha,159,1
2022-03-01,AL04-2481-FP,FID-AL-04,PL-Alpha,197,1
2022-04-01,AL04-2481-FP,FID-AL-04,PL-Alpha,212,1
2022-05-01,AL04-2481-FP,FID-AL-04,PL-Alpha,246,1
2022-06-01,AL04-2481-FP,FID-AL-04,PL-Alpha,272,1
2022-07-01,AL04-2481-FP,FID-AL-04,PL-Alpha,204,1
2022-08-01,AL04-2481-FP,FID-AL-04,PL-Alpha,165,1
2022-09-01,AL04-2481-FP,FID-AL-04,PL-Alpha,135,1
2022-10-01,AL04-2481-FP,FID-AL-04,PL-Alpha,202,1
2022-11-01,AL04-2481-FP,FID-AL-04,PL-Alpha,173,1
2022-12-01,AL04-2481-FP,FID-AL-04,PL-Alpha,185,1
2023-01-01,AL04-2481-FP,FID-AL-04,PL-Alpha,240,1
2023-02-01,AL04-2481-FP,FID-AL-04,PL-Alpha,195,1
2023-03-01,AL04-2481-FP,FID-AL-04,PL-Alpha,230,1
2023-04-01,AL04-2481-FP,FID-AL-04,PL-Alpha,205,1
2023-05-01,AL04-2481-FP,FID-AL-04,PL-Alpha,198,1
2023-06-01,AL04-2481-FP,FID-AL-04,PL-Alpha,174,1
2023-07-01,AL04-2481-FP,FID-AL-04,PL-Alpha,157,1
2023-08-01,AL04-2481-FP,FID-AL-04,PL-Alpha,191,1
2023-09-01,AL04-2481-FP,FID-AL-04,PL-Alpha,204,1
2023-10-01,AL04-2481-FP,FID-AL-04,PL-Alpha,256,1
2023-11-01,AL04-2481-FP,FID-AL-04,PL-Alpha,212,1
2023-12-01,AL04-2481-FP,FID-AL-04,PL-Alpha,236,1
2024-01-01,AL04-2481-FP,FID-AL-04,PL-Alpha,234,1
2024-02-01,AL04-2481-FP,FID-AL-04,PL-Alpha,178,1
2024-03-01,AL04-2481-FP,FID-AL-04,PL-Alpha,185,1
2024-04-01,AL04-2481-FP,FID-AL-04,PL-Alpha,193,1
2024-05-01,AL04-2481-FP,FID-AL-04,PL-Alpha,273,1
2024-06-01,AL04-2481-FP,FID-AL-04,PL-Alpha,192,1
2024-07-01,AL04-5797-VA,FID-AL-04,PL-Alpha,239,1
2024-08-01,AL04-5797-VA,FID-AL-04,PL-Alpha,192,1
2024-09-01,AL04-5797-VA,FID-AL-04,PL-Alpha,244,1
2024-10-01,AL04-5797-VA,FID-AL-04,PL-Alpha,230,1
2024-11-01,AL04-5797-VA,FID-AL-04,PL-Alpha,216,1
2024-12-01,AL04-5797-VA,FID-AL-04,PL-Alpha,220,1
2022-01-01,AL05-1727-US,FID-AL-05,PL-Alpha,95,1
2022-02-01,AL05-1727-US,FID-AL-05,PL-Alpha,66,1
2022-03-01,AL05-1727-US,FID-AL-05,PL-Alpha,70,1
2022-04-01,AL05-1727-US,FID-AL-05,PL-Alpha,80,1
2022-05-01,AL05-1727-US,FID-AL-05,PL-Alpha,69,1
2022-06-01,AL05-1727-US,FID-AL-05,PL-Alpha,63,1
2022-07-01,AL05-1727-US,FID-AL-05,PL-Alpha,78,1
2022-08-01,AL05-4577-IE,FID-AL-05,PL-Alpha,71,1
2022-09-01,AL05-4577-IE,FID-AL-05,PL-Alpha,82,1
2022-10-01,AL05-4577-IE,FID-AL-05,PL-Alpha,69,1
2022-11-01,AL05-4577-IE,FID-AL-05,PL-Alpha,55,1
2022-12-01,AL05-4577-IE,FID-AL-05,PL-Alpha,53,1
2023-01-01,AL05-4577-IE,FID-AL-05,PL-Alpha,109,1
2023-02-01,AL05-4577-IE,FID-AL-05,PL-Alpha,84,1
2023-03-01,AL05-4577-IE,FID-AL-05,PL-Alpha,65,1
2023-04-01,AL05-4577-IE,FID-AL-05,PL-Alpha,63,1
2023-05-01,AL05-4577-IE,FID-AL-05,PL-Alpha,82,1
2023-06-01,AL05-4577-IE,FID-AL-05,PL-Alpha,56,1
2023-07-01,AL05-4577-IE,FID-AL-05,PL-Alpha,58,1
2023-08-01,AL05-9757-YI,FID-AL-05,PL-Alpha,73,1
2023-09-01,AL05-9757-YI,FID-AL-05,PL-Alpha,63,1
2023-10-01,AL05-9757-YI,FID-AL-05,PL-Alpha,67,1
2023-11-01,AL05-9757-YI,FID-AL-05,PL-Alpha,65,1
2023-12-01,AL05-9757-YI,FID-AL-05,PL-Alpha,70,1
2024-01-01,AL05-9757-YI,FID-AL-05,PL-Alpha,105,1
2024-02-01,AL05-9757-YI,FID-AL-05,PL-Alpha,68,1
2024-03-01,AL05-9757-YI,FID-AL-05,PL-Alpha,73,1
2024-04-01,AL05-9757-YI,FID-AL-05,PL-Alpha,46,1
2024-05-01,AL05-9757-YI,FID-AL-05,PL-Alpha,67,1
2024-06-01,AL05-9757-YI,FID-AL-05,PL-Alpha,59,1
2024-07-01,AL05-9757-YI,FID-AL-05,PL-Alpha,55,1
2024-08-01,AL05-9757-YI,FID-AL-05,PL-Alpha,58,1
2024-09-01,AL05-9757-YI,FID-AL-05,PL-Alpha,64,1
2024-10-01,AL05-9757-YI,FID-AL-05,PL-Alpha,76,1
2024-11-01,AL05-9757-YI,FID-AL-05,PL-Alpha,54,1
2024-12-01,AL05-9757-YI,FID-AL-05,PL-Alpha,67,1
2022-01-01,AL06-3562-CC,FID-AL-06,PL-Alpha,140,1
2022-02-01,AL06-3562-CC,FID-AL-06,PL-Alpha,107,1
2022-03-01,AL06-3562-CC,FID-AL-06,PL-Alpha,107,1
2022-04-01,AL06-3562-CC,FID-AL-06,PL-Alpha,88,1
2022-05-01,AL06-3562-CC,FID-AL-06,PL-Alpha,106,1
2022-06-01,AL06-3562-CC,FID-AL-06,PL-Alpha,109,1
2022-07-01,AL06-3562-CC,FID-AL-06,PL-Alpha,145,1
2022-08-01,AL06-3562-CC,FID-AL-06,PL-Alpha,135,1
2022-09-01,AL06-6196-WP,FID-AL-06,PL-Alpha,94,1
2022-10-01,AL06-6196-WP,FID-AL-06,PL-Alpha,103,1
2022-11-01,AL06-6196-WP,FID-AL-06,PL-Alpha,85,1
2022-12-01,AL06-6196-WP,FID-AL-06,PL-Alpha,99,1
2023-01-01,AL06-6196-WP,FID-AL-06,PL-Alpha,140,1
2023-02-01,AL06-6196-WP,FID-AL-06,PL-Alpha,128,1
2023-03-01,AL06-6196-WP,FID-AL-06,PL-Alpha,99,1
2023-04-01,AL06-6196-WP,FID-AL-06,PL-Alpha,100,1
2023-05-01,AL06-6196-WP,FID-AL-06,PL-Alpha,78,1
2023-06-01,AL06-6196-WP,FID-AL-06,PL-Alpha,109,1
2023-07-01,AL06-6196-WP,FID-AL-06,PL-Alpha,96,1
2023-08-01,AL06-6196-WP,FID-AL-06,PL-Alpha,104,1
2023-09-01,AL06-2382-US,FID-AL-06,PL-Alpha,99,1
2023-10-01,AL06-2382-US,FID-AL-06,PL-Alpha,112,1
2023-11-01,AL06-2382-US,FID-AL-06,PL-Alpha,87,1
2023-12-01,AL06-2382-US,FID-AL-06,PL-Alpha,92,1
2024-01-01,AL06-2382-US,FID-AL-06,PL-Alpha,188,1
2024-02-01,AL06-2382-US,FID-AL-06,PL-Alpha,96,1
2024-03-01,AL06-2382-US,FID-AL-06,PL-Alpha,99,1
2024-04-01,AL06-2382-US,FID-AL-06,PL-Alpha,145,1
2024-05-01,AL06-2382-US,FID-AL-06,PL-Alpha,162,1
2024-06-01,AL06-2382-US,FID-AL-06,PL-Alpha,99,1
2024-07-01,AL06-2382-US,FID-AL-06,PL-Alpha,112,1
2024-08-01,AL06-2382-US,FID-AL-06,PL-Alpha,124,1
2024-09-01,AL06-2382-US,FID-AL-06,PL-Alpha,146,1
2024-10-01,AL06-2382-US,FID-AL-06,PL-Alpha,104,1
2024-11-01,AL06-2382-US,FID-AL-06,PL-Alpha,116,1
2024-12-01,AL06-2382-US,FID-AL-06,PL-Alpha,133,1
2022-01-01,AL07-5544-NZ,FID-AL-07,PL-Alpha,145,1
2022-02-01,AL07-5544-NZ,FID-AL-07,PL-Alpha,130,1
2022-03-01,AL07-5544-NZ,FID-AL-07,PL-Alpha,116,1
2022-04-01,AL07-5544-NZ,FID-AL-07,PL-Alpha,119,1
2022-05-01,AL07-5544-NZ,FID-AL-07,PL-Alpha,114,1
2022-06-01,AL07-5544-NZ,FID-AL-07,PL-Alpha,113,1
2022-07-01,AL07-5544-NZ,FID-AL-07,PL-Alpha,101,1
2022-08-01,AL07-5544-NZ,FID-AL-07,PL-Alpha,118,1
2022-09-01,AL07-5544-NZ,FID-AL-07,PL-Alpha,111,1
2022-10-01,AL07-5544-NZ,FID-AL-07,PL-Alpha,148,1
2022-11-01,AL07-4297-JO,FID-AL-07,PL-Alpha,140,1
2022-12-01,AL07-4297-JO,FID-AL-07,PL-Alpha,120,1
2023-01-01,AL07-4297-JO,FID-AL-07,PL-Alpha,127,1
2023-02-01,AL07-4297-JO,FID-AL-07,PL-Alpha,94,1
2023-03-01,AL07-4297-JO,FID-AL-07,PL-Alpha,133,1
2023-04-01,AL07-4297-JO,FID-AL-07,PL-Alpha,117,1
2023-05-01,AL07-4297-JO,FID-AL-07,PL-Alpha,121,1
2023-06-01,AL07-4297-JO,FID-AL-07,PL-Alpha,83,1
2023-07-01,AL07-4297-JO,FID-AL-07,PL-Alpha,129,1
2023-08-01,AL07-4297-JO,FID-AL-07,PL-Alpha,121,1
2023-09-01,AL07-4297-JO,FID-AL-07,PL-Alpha,94,1
2023-10-01,AL07-4297-JO,FID-AL-07,PL-Alpha,105,1
2023-11-01,AL07-4297-JO,FID-AL-07,PL-Alpha,117,1
2023-12-01,AL07-4297-JO,FID-AL-07,PL-Alpha,114,1
2024-01-01,AL07-4297-JO,FID-AL-07,PL-Alpha,132,1
2024-02-01,AL07-4297-JO,FID-AL-07,PL-Alpha,111,1
2024-03-01,AL07-4297-JO,FID-AL-07,PL-Alpha,109,1
2024-04-01,AL07-4297-JO,FID-AL-07,PL-Alpha,116,1
2024-05-01,AL07-4297-JO,FID-AL-07,PL-Alpha,138,1
2024-06-01,AL07-4297-JO,FID-AL-07,PL-Alpha,69,1
2024-07-01,AL07-4297-JO,FID-AL-07,PL-Alpha,109,1
2024-08-01,AL07-4297-JO,FID-AL-07,PL-Alpha,116,1
2024-09-01,AL07-4297-JO,FID-AL-07,PL-Alpha,118,1
2024-10-01,AL07-4297-JO,FID-AL-07,PL-Alpha,107,1
2024-11-01,AL07-4297-JO,FID-AL-07,PL-Alpha,83,1
2024-12-01,AL07-4297-JO,FID-AL-07,PL-Alpha,119,1
2022-01-01,AL08-6395-VQ,FID-AL-08,PL-Alpha,103,1
2022-02-01,AL08-6395-VQ,FID-AL-08,PL-Alpha,91,1
2022-03-01,AL08-6395-VQ,FID-AL-08,PL-Alpha,85,1
2022-04-01,AL08-6395-VQ,FID-AL-08,PL-Alpha,77,1
2022-05-01,AL08-6395-VQ,FID-AL-08,PL-Alpha,91,1
2022-06-01,AL08-6395-VQ,FID-AL-08,PL-Alpha,77,1
2022-07-01,AL08-6395-VQ,FID-AL-08,PL-Alpha,81,1
2022-08-01,AL08-6395-VQ,FID-AL-08,PL-Alpha,69,1
2022-09-01,AL08-6395-VQ,FID-AL-08,PL-Alpha,73,1
2022-10-01,AL08-6395-VQ,FID-AL-08,PL-Alpha,64,1
2022-11-01,AL08-6395-VQ,FID-AL-08,PL-Alpha,83,1
2022-12-01,AL08-6395-VQ,FID-AL-08,PL-Alpha,59,1
2023-01-01,AL08-6395-VQ,FID-AL-08,PL-Alpha,99,1
2023-02-01,AL08-6395-VQ,FID-AL-08,PL-Alpha,70,1
2023-03-01,AL08-6395-VQ,FID-AL-08,PL-Alpha,85,1
2023-04-01,AL08-6395-VQ,FID-AL-08,PL-Alpha,80,1
2023-05-01,AL08-6395-VQ,FID-AL-08,PL-Alpha,92,1
2023-06-01,AL08-2252-WP,FID-AL-08,PL-Alpha,80,1
2023-07-01,AL08-2252-WP,FID-AL-08,PL-Alpha,55,1
2023-08-01,AL08-2252-WP,FID-AL-08,PL-Alpha,71,1
2023-09-01,AL08-2252-WP,FID-AL-08,PL-Alpha,59,1
2023-10-01,AL08-2252-WP,FID-AL-08,PL-Alpha,66,1
2023-11-01,AL08-2252-WP,FID-AL-08,PL-Alpha,88,1
2023-12-01,AL08-2252-WP,FID-AL-08,PL-Alpha,79,1
2024-01-01,AL08-2252-WP,FID-AL-08,PL-Alpha,93,1
2024-02-01,AL08-2252-WP,FID-AL-08,PL-Alpha,61,1
2024-03-01,AL08-2252-WP,FID-AL-08,PL-Alpha,72,1
2024-04-01,AL08-2252-WP,FID-AL-08,PL-Alpha,59,1
2024-05-01,AL08-2252-WP,FID-AL-08,PL-Alpha,65,1
2024-06-01,AL08-2252-WP,FID-AL-08,PL-Alpha,75,1
2024-07-01,AL08-2252-WP,FID-AL-08,PL-Alpha,84,1
2024-08-01,AL08-9380-SB,FID-AL-08,PL-Alpha,79,1
2024-09-01,AL08-9380-SB,FID-AL-08,PL-Alpha,47,1
2024-10-01,AL08-9380-SB,FID-AL-08,PL-Alpha,75,1
2024-11-01,AL08-9380-SB,FID-AL-08,PL-Alpha,73,1
2024-12-01,AL08-9380-SB,FID-AL-08,PL-Alpha,76,1
2022-01-01,AL09-1397-FH,FID-AL-09,PL-Alpha,181,1
2022-02-01,AL09-1397-FH,FID-AL-09,PL-Alpha,180,1
2022-03-01,AL09-1397-FH,FID-AL-09,PL-Alpha,186,1
2022-04-01,AL09-1397-FH,FID-AL-09,PL-Alpha,166,1
2022-05-01,AL09-1397-FH,FID-AL-09,PL-Alpha,166,1
2022-06-01,AL09-1397-FH,FID-AL-09,PL-Alpha,166,1
2022-07-01,AL09-1397-FH,FID-AL-09,PL-Alpha,139,1
2022-08-01,AL09-8911-CG,FID-AL-09,PL-Alpha,156,1
2022-09-01,AL09-8911-CG,FID-AL-09,PL-Alpha,156,1
2022-10-01,AL09-8911-CG,FID-AL-09,PL-Alpha,169,1
2022-11-01,AL09-8911-CG,FID-AL-09,PL-Alpha,184,1
2022-12-01,AL09-8911-CG,FID-AL-09,PL-Alpha,135,1
2023-01-01,AL09-8911-CG,FID-AL-09,PL-Alpha,210,1
2023-02-01,AL09-8911-CG,FID-AL-09,PL-Alpha,196,1
2023-03-01,AL09-8911-CG,FID-AL-09,PL-Alpha,142,1
2023-04-01,AL09-8911-CG,FID-AL-09,PL-Alpha,140,1
2023-05-01,AL09-8911-CG,FID-AL-09,PL-Alpha,165,1
2023-06-01,AL09-8911-CG,FID-AL-09,PL-Alpha,180,1
2023-07-01,AL09-7159-CH,FID-AL-09,PL-Alpha,160,1
2023-08-01,AL09-7159-CH,FID-AL-09,PL-Alpha,192,1
2023-09-01,AL09-7159-CH,FID-AL-09,PL-Alpha,181,1
2023-10-01,AL09-7159-CH,FID-AL-09,PL-Alpha,180,1
2023-11-01,AL09-7159-CH,FID-AL-09,PL-Alpha,173,1
2023-12-01,AL09-7159-CH,FID-AL-09,PL-Alpha,216,1
2024-01-01,AL09-3554-QJ,FID-AL-09,PL-Alpha,200,1
2024-02-01,AL09-3554-QJ,FID-AL-09,PL-Alpha,112,1
2024-03-01,AL09-3554-QJ,FID-AL-09,PL-Alpha,199,1
2024-04-01,AL09-3554-QJ,FID-AL-09,PL-Alpha,149,1
2024-05-01,AL09-3554-QJ,FID-AL-09,PL-Alpha,163,1
2024-06-01,AL09-3554-QJ,FID-AL-09,PL-Alpha,191,1
2024-07-01,AL09-3554-QJ,FID-AL-09,PL-Alpha,122,1
2024-08-01,AL09-3554-QJ,FID-AL-09,PL-Alpha,130,1
2024-09-01,AL09-3554-QJ,FID-AL-09,PL-Alpha,122,1
2024-10-01,AL09-3554-QJ,FID-AL-09,PL-Alpha,141,1
2024-11-01,AL09-3554-QJ,FID-AL-09,PL-Alpha,171,1
2024-12-01,AL09-3554-QJ,FID-AL-09,PL-Alpha,173,1
2022-01-01,AL10-1825-JF,FID-AL-10,PL-Alpha,41,1
2022-02-01,AL10-1825-JF,FID-AL-10,PL-Alpha,33,1
2022-03-01,AL10-1825-JF,FID-AL-10,PL-Alpha,28,1
2022-04-01,AL10-1825-JF,FID-AL-10,PL-Alpha,31,1
2022-05-01,AL10-1825-JF,FID-AL-10,PL-Alpha,33,1
2022-06-01,AL10-1825-JF,FID-AL-10,PL-Alpha,36,1
2022-07-01,AL10-1825-JF,FID-AL-10,PL-Alpha,31,1
2022-08-01,AL10-1825-JF,FID-AL-10,PL-Alpha,36,1
2022-09-01,AL10-1825-JF,FID-AL-10,PL-Alpha,33,1
2022-10-01,AL10-1825-JF,FID-AL-10,PL-Alpha,34,1
2022-11-01,AL10-1825-JF,FID-AL-10,PL-Alpha,39,1
2022-12-01,AL10-1825-JF,FID-AL-10,PL-Alpha,27,1
2023-01-01,AL10-1825-JF,FID-AL-10,PL-Alpha,40,1
2023-02-01,AL10-1825-JF,FID-AL-10,PL-Alpha,30,1
2023-03-01,AL10-1825-JF,FID-AL-10,PL-Alpha,26,1
2023-04-01,AL10-7931-GY,FID-AL-10,PL-Alpha,34,1
2023-05-01,AL10-7931-GY,FID-AL-10,PL-Alpha,41,1
2023-06-01,AL10-7931-GY,FID-AL-10,PL-Alpha,37,1
2023-07-01,AL10-7931-GY,FID-AL-10,PL-Alpha,40,1
2023-08-01,AL10-7931-GY,FID-AL-10,PL-Alpha,44,1
2023-09-01,AL10-7931-GY,FID-AL-10,PL-Alpha,46,1
2023-10-01,AL10-7931-GY,FID-AL-10,PL-Alpha,40,1
2023-11-01,AL10-7931-GY,FID-AL-10,PL-Alpha,47,1
2023-12-01,AL10-2651-QP,FID-AL-10,PL-Alpha,42,1
2024-01-01,AL10-2651-QP,FID-AL-10,PL-Alpha,45,1
2024-02-01,AL10-2651-QP,FID-AL-10,PL-Alpha,40,1
2024-03-01,AL10-2651-QP,FID-AL-10,PL-Alpha,36,1
2024-04-01,AL10-2651-QP,FID-AL-10,PL-Alpha,40,1
2024-05-01,AL10-2651-QP,FID-AL-10,PL-Alpha,42,1
2024-06-01,AL10-2651-QP,FID-AL-10,PL-Alpha,48,1
2024-07-01,AL10-2651-QP,FID-AL-10,PL-Alpha,53,1
2024-08-01,AL10-4387-ES,FID-AL-10,PL-Alpha,39,1
2024-09-01,AL10-4387-ES,FID-AL-10,PL-Alpha,48,1
2024-10-01,AL10-4387-ES,FID-AL-10,PL-Alpha,42,1
2024-11-01,AL10-4387-ES,FID-AL-10,PL-Alpha,49,1
2024-12-01,AL10-4387-ES,FID-AL-10,PL-Alpha,47,1
2022-01-01,AL11-8273-EJ,FID-AL-11,PL-Alpha,172,1
2022-02-01,AL11-8273-EJ,FID-AL-11,PL-Alpha,108,1
2022-03-01,AL11-8273-EJ,FID-AL-11,PL-Alpha,90,1
2022-04-01,AL11-8273-EJ,FID-AL-11,PL-Alpha,134,1
2022-05-01,AL11-8273-EJ,FID-AL-11,PL-Alpha,111,1
2022-06-01,AL11-8273-EJ,FID-AL-11,PL-Alpha,137,1
2022-07-01,AL11-8273-EJ,FID-AL-11,PL-Alpha,125,1
2022-08-01,AL11-8273-EJ,FID-AL-11,PL-Alpha,118,1
2022-09-01,AL11-8273-EJ,FID-AL-11,PL-Alpha,127,1
2022-10-01,AL11-8273-EJ,FID-AL-11,PL-Alpha,155,1
2022-11-01,AL11-8273-EJ,FID-AL-11,PL-Alpha,158,1
2022-12-01,AL11-8273-EJ,FID-AL-11,PL-Alpha,125,1
2023-01-01,AL11-8273-EJ,FID-AL-11,PL-Alpha,163,1
2023-02-01,AL11-7629-ZQ,FID-AL-11,PL-Alpha,144,1
2023-03-01,AL11-7629-ZQ,FID-AL-11,PL-Alpha,113,1
2023-04-01,AL11-7629-ZQ,FID-AL-11,PL-Alpha,134,1
2023-05-01,AL11-7629-ZQ,FID-AL-11,PL-Alpha,129,1
2023-06-01,AL11-7629-ZQ,FID-AL-11,PL-Alpha,135,1
2023-07-01,AL11-7629-ZQ,FID-AL-11,PL-Alpha,117,1
2023-08-01,AL11-7629-ZQ,FID-AL-11,PL-Alpha,105,1
2023-09-01,AL11-7629-ZQ,FID-AL-11,PL-Alpha,98,1
2023-10-01,AL11-7629-ZQ,FID-AL-11,PL-Alpha,115,1
2023-11-01,AL11-7629-ZQ,FID-AL-11,PL-Alpha,127,1
2023-12-01,AL11-7629-ZQ,FID-AL-11,PL-Alpha,131,1
2024-01-01,AL11-7629-ZQ,FID-AL-11,PL-Alpha,196,1
2024-02-01,AL11-7629-ZQ,FID-AL-11,PL-Alpha,157,1
2024-03-01,AL11-7629-ZQ,FID-AL-11,PL-Alpha,123,1
2024-04-01,AL11-7629-ZQ,FID-AL-11,PL-Alpha,146,1
2024-05-01,AL11-7629-ZQ,FID-AL-11,PL-Alpha,134,1
2024-06-01,AL11-7629-ZQ,FID-AL-11,PL-Alpha,137,1
2024-07-01,AL11-6024-OR,FID-AL-11,PL-Alpha,146,1
2024-08-01,AL11-6024-OR,FID-AL-11,PL-Alpha,154,1
2024-09-01,AL11-6024-OR,FID-AL-11,PL-Alpha,139,1
2024-10-01,AL11-6024-OR,FID-AL-11,PL-Alpha,164,1
2024-11-01,AL11-6024-OR,FID-AL-11,PL-Alpha,128,1
2024-12-01,AL11-6024-OR,FID-AL-11,PL-Alpha,148,1
2022-01-01,AL12-4532-VU,FID-AL-12,PL-Alpha,218,1
2022-02-01,AL12-4532-VU,FID-AL-12,PL-Alpha,204,1
2022-03-01,AL12-4532-VU,FID-AL-12,PL-Alpha,217,1
2022-04-01,AL12-4532-VU,FID-AL-12,PL-Alpha,198,1
2022-05-01,AL12-4532-VU,FID-AL-12,PL-Alpha,181,1
2022-06-01,AL12-4532-VU,FID-AL-12,PL-Alpha,203,1
2022-07-01,AL12-4532-VU,FID-AL-12,PL-Alpha,182,1
2022-08-01,AL12-4532-VU,FID-AL-12,PL-Alpha,218,1
2022-09-01,AL12-4532-VU,FID-AL-12,PL-Alpha,142,1
2022-10-01,AL12-4532-VU,FID-AL-12,PL-Alpha,185,1
2022-11-01,AL12-4532-VU,FID-AL-12,PL-Alpha,140,1
2022-12-01,AL12-4532-VU,FID-AL-12,PL-Alpha,155,1
2023-01-01,AL12-4532-VU,FID-AL-12,PL-Alpha,301,1
2023-02-01,AL12-4532-VU,FID-AL-12,PL-Alpha,223,1
2023-03-01,AL12-4532-VU,FID-AL-12,PL-Alpha,179,1
2023-04-01,AL12-4532-VU,FID-AL-12,PL-Alpha,158,1
2023-05-01,AL12-3957-FA,FID-AL-12,PL-Alpha,119,1
2023-06-01,AL12-3957-FA,FID-AL-12,PL-Alpha,187,1
2023-07-01,AL12-3957-FA,FID-AL-12,PL-Alpha,270,1
2023-08-01,AL12-3957-FA,FID-AL-12,PL-Alpha,216,1
2023-09-01,AL12-3957-FA,FID-AL-12,PL-Alpha,189,1
2023-10-01,AL12-3957-FA,FID-AL-12,PL-Alpha,219,1
2023-11-01,AL12-3957-FA,FID-AL-12,PL-Alpha,164,1
2023-12-01,AL12-3957-FA,FID-AL-12,PL-Alpha,200,1
2024-01-01,AL12-3957-FA,FID-AL-12,PL-Alpha,260,1
2024-02-01,AL12-3957-FA,FID-AL-12,PL-Alpha,208,1
2024-03-01,AL12-3957-FA,FID-AL-12,PL-Alpha,233,1
2024-04-01,AL12-3957-FA,FID-AL-12,PL-Alpha,222,1
2024-05-01,AL12-3957-FA,FID-AL-12,PL-Alpha,232,1
2024-06-01,AL12-3957-FA,FID-AL-12,PL-Alpha,195,1
2024-07-01,AL12-3957-FA,FID-AL-12,PL-Alpha,240,1
2024-08-01,AL12-3957-FA,FID-AL-12,PL-Alpha,261,1
2024-09-01,AL12-3957-FA,FID-AL-12,PL-Alpha,190,1
2024-10-01,AL12-3957-FA,FID-AL-12,PL-Alpha,193,1
2024-11-01,AL12-3957-FA,FID-AL-12,PL-Alpha,256,1
2024-12-01,AL12-3957-FA,FID-AL-12,PL-Alpha,215,1
2022-01-01,BE01-4781-IG,FID-BE-01,PL-Beta,194,1
2022-02-01,BE01-4781-IG,FID-BE-01,PL-Beta,159,1
2022-03-01,BE01-4781-IG,FID-BE-01,PL-Beta,182,1
2022-04-01,BE01-4781-IG,FID-BE-01,PL-Beta,132,1
2022-05-01,BE01-4781-IG,FID-BE-01,PL-Beta,189,1
2022-06-01,BE01-4781-IG,FID-BE-01,PL-Beta,160,1
2022-07-01,BE01-4781-IG,FID-BE-01,PL-Beta,204,1
2022-08-01,BE01-4781-IG,FID-BE-01,PL-Beta,115,1
2022-09-01,BE01-4781-IG,FID-BE-01,PL-Beta,157,1
2022-10-01,BE01-4781-IG,FID-BE-01,PL-Beta,135,1
2022-11-01,BE01-4781-IG,FID-BE-01,PL-Beta,158,1
2022-12-01,BE01-4781-IG,FID-BE-01,PL-Beta,186,1
2023-01-01,BE01-4781-IG,FID-BE-01,PL-Beta,226,1
2023-02-01,BE01-4781-IG,FID-BE-01,PL-Beta,176,1
2023-03-01,BE01-4781-IG,FID-BE-01,PL-Beta,179,1
2023-04-01,BE01-4781-IG,FID-BE-01,PL-Beta,189,1
2023-05-01,BE01-4781-IG,FID-BE-01,PL-Beta,159,1
2023-06-01,BE01-4781-IG,FID-BE-01,PL-Beta,204,1
2023-07-01,BE01-4781-IG,FID-BE-01,PL-Beta,204,1
2023-08-01,BE01-4781-IG,FID-BE-01,PL-Beta,198,1
2023-09-01,BE01-4781-IG,FID-BE-01,PL-Beta,203,1
2023-10-01,BE01-4781-IG,FID-BE-01,PL-Beta,198,1
2023-11-01,BE01-4781-IG,FID-BE-01,PL-Beta,243,1
2023-12-01,BE01-3767-FY,FID-BE-01,PL-Beta,190,1
2024-01-01,BE01-3767-FY,FID-BE-01,PL-Beta,224,1
2024-02-01,BE01-3767-FY,FID-BE-01,PL-Beta,175,1
2024-03-01,BE01-3767-FY,FID-BE-01,PL-Beta,169,1
2024-04-01,BE01-3767-FY,FID-BE-01,PL-Beta,164,1
2024-05-01,BE01-3767-FY,FID-BE-01,PL-Beta,174,1
2024-06-01,BE01-2281-WI,FID-BE-01,PL-Beta,196,1
2024-07-01,BE01-2281-WI,FID-BE-01,PL-Beta,207,1
2024-08-01,BE01-2281-WI,FID-BE-01,PL-Beta,201,1
2024-09-01,BE01-2281-WI,FID-BE-01,PL-Beta,182,1
2024-10-01,BE01-2281-WI,FID-BE-01,PL-Beta,225,1
2024-11-01,BE01-2281-WI,FID-BE-01,PL-Beta,222,1
2024-12-01,BE01-2281-WI,FID-BE-01,PL-Beta,200,1
2022-01-01,BE02-7418-RK,FID-BE-02,PL-Beta,17,1
2022-02-01,BE02-7418-RK,FID-BE-02,PL-Beta,13,1
2022-03-01,BE02-7418-RK,FID-BE-02,PL-Beta,11,1
2022-04-01,BE02-7418-RK,FID-BE-02,PL-Beta,12,1
2022-05-01,BE02-7418-RK,FID-BE-02,PL-Beta,7,1
2022-06-01,BE02-7418-RK,FID-BE-02,PL-Beta,9,1
2022-07-01,BE02-7418-RK,FID-BE-02,PL-Beta,11,1
2022-08-01,BE02-7418-RK,FID-BE-02,PL-Beta,9,1
2022-09-01,BE02-7418-RK,FID-BE-02,PL-Beta,12,1
2022-10-01,BE02-7418-RK,FID-BE-02,PL-Beta,14,1
2022-11-01,BE02-7418-RK,FID-BE-02,PL-Beta,9,1
2022-12-01,BE02-7418-RK,FID-BE-02,PL-Beta,10,1
2023-01-01,BE02-7418-RK,FID-BE-02,PL-Beta,15,1
2023-02-01,BE02-7418-RK,FID-BE-02,PL-Beta,14,1
2023-03-01,BE02-7418-RK,FID-BE-02,PL-Beta,9,1
2023-04-01,BE02-7418-RK,FID-BE-02,PL-Beta,11,1
2023-05-01,BE02-7418-RK,FID-BE-02,PL-Beta,14,1
2023-06-01,BE02-7418-RK,FID-BE-02,PL-Beta,8,1
2023-07-01,BE02-7418-RK,FID-BE-02,PL-Beta,9,1
2023-08-01,BE02-7418-RK,FID-BE-02,PL-Beta,10,1
2023-09-01,BE02-7418-RK,FID-BE-02,PL-Beta,10,1
2023-10-01,BE02-7418-RK,FID-BE-02,PL-Beta,12,1
2023-11-01,BE02-7418-RK,FID-BE-02,PL-Beta,11,1
2023-12-01,BE02-7418-RK,FID-BE-02,PL-Beta,8,1
2024-01-01,BE02-7418-RK,FID-BE-02,PL-Beta,16,1
2024-02-01,BE02-6912-XL,FID-BE-02,PL-Beta,10,1
2024-03-01,BE02-6912-XL,FID-BE-02,PL-Beta,13,1
2024-04-01,BE02-6912-XL,FID-BE-02,PL-Beta,10,1
2024-05-01,BE02-6912-XL,FID-BE-02,PL-Beta,10,1
2024-06-01,BE02-6912-XL,FID-BE-02,PL-Beta,12,1
2024-07-01,BE02-6912-XL,FID-BE-02,PL-Beta,12,1
2024-08-01,BE02-6912-XL,FID-BE-02,PL-Beta,12,1
2024-09-01,BE02-6912-XL,FID-BE-02,PL-Beta,8,1
2024-10-01,BE02-6912-XL,FID-BE-02,PL-Beta,12,1
2024-11-01,BE02-6912-XL,FID-BE-02,PL-Beta,9,1
2024-12-01,BE02-6912-XL,FID-BE-02,PL-Beta,11,1
2022-01-01,BE03-3716-GG,FID-BE-03,PL-Beta,14,1
2022-02-01,BE03-3716-GG,FID-BE-03,PL-Beta,14,1
2022-03-01,BE03-3716-GG,FID-BE-03,PL-Beta,12,1
2022-04-01,BE03-3716-GG,FID-BE-03,PL-Beta,14,1
2022-05-01,BE03-3716-GG,FID-BE-03,PL-Beta,15,1
2022-06-01,BE03-3716-GG,FID-BE-03,PL-Beta,15,1
2022-07-01,BE03-3716-GG,FID-BE-03,PL-Beta,18,1
2022-08-01,BE03-3716-GG,FID-BE-03,PL-Beta,17,1
2022-09-01,BE03-3716-GG,FID-BE-03,PL-Beta,18,1
2022-10-01,BE03-5079-OG,FID-BE-03,PL-Beta,22,1
2022-11-01,BE03-5079-OG,FID-BE-03,PL-Beta,19,1
2022-12-01,BE03-5079-OG,FID-BE-03,PL-Beta,18,1
2023-01-01,BE03-5079-OG,FID-BE-03,PL-Beta,30,1
2023-02-01,BE03-5079-OG,FID-BE-03,PL-Beta,28,1
2023-03-01,BE03-5079-OG,FID-BE-03,PL-Beta,24,1
2023-04-01,BE03-5079-OG,FID-BE-03,PL-Beta,23,1
2023-05-01,BE03-5079-OG,FID-BE-03,PL-Beta,26,1
2023-06-01,BE03-5079-OG,FID-BE-03,PL-Beta,28,1
2023-07-01,BE03-5079-OG,FID-BE-03,PL-Beta,29,1
2023-08-01,BE03-9667-PX,FID-BE-03,PL-Beta,28,1
2023-09-01,BE03-9667-PX,FID-BE-03,PL-Beta,32,1
2023-10-01,BE03-9667-PX,FID-BE-03,PL-Beta,33,1
2023-11-01,BE03-9667-PX,FID-BE-03,PL-Beta,31,1
2023-12-01,BE03-9667-PX,FID-BE-03,PL-Beta,35,1
2024-01-01,BE03-9667-PX,FID-BE-03,PL-Beta,41,1
2024-02-01,BE03-9667-PX,FID-BE-03,PL-Beta,36,1
2024-03-01,BE03-9667-PX,FID-BE-03,PL-Beta,36,1
2024-04-01,BE03-9667-PX,FID-BE-03,PL-Beta,38,1
2024-05-01,BE03-9667-PX,FID-BE-03,PL-Beta,40,1
2024-06-01,BE03-9667-PX,FID-BE-03,PL-Beta,37,1
2024-07-01,BE03-9667-PX,FID-BE-03,PL-Beta,41,1
2024-08-01,BE03-9667-PX,FID-BE-03,PL-Beta,41,1
2024-09-01,BE03-9667-PX,FID-BE-03,PL-Beta,46,1
2024-10-01,BE03-9667-PX,FID-BE-03,PL-Beta,44,1
2024-11-01,BE03-9667-PX,FID-BE-03,PL-Beta,48,1
2024-12-01,BE03-9667-PX,FID-BE-03,PL-Beta,44,1
2022-01-01,BE04-3812-KF,FID-BE-04,PL-Beta,101,1
2022-02-01,BE04-3812-KF,FID-BE-04,PL-Beta,74,1
2022-03-01,BE04-3812-KF,FID-BE-04,PL-Beta,56,1
2022-04-01,BE04-3812-KF,FID-BE-04,PL-Beta,57,1
2022-05-01,BE04-3812-KF,FID-BE-04,PL-Beta,80,1
2022-06-01,BE04-3812-KF,FID-BE-04,PL-Beta,69,1
2022-07-01,BE04-3812-KF,FID-BE-04,PL-Beta,46,1
2022-08-01,BE04-3812-KF,FID-BE-04,PL-Beta,84,1
2022-09-01,BE04-3812-KF,FID-BE-04,PL-Beta,78,1
2022-10-01,BE04-3812-KF,FID-BE-04,PL-Beta,67,1
2022-11-01,BE04-3812-KF,FID-BE-04,PL-Beta,60,1
2022-12-01,BE04-1427-ZN,FID-BE-04,PL-Beta,84,1
2023-01-01,BE04-1427-ZN,FID-BE-04,PL-Beta,105,1
2023-02-01,BE04-1427-ZN,FID-BE-04,PL-Beta,102,1
2023-03-01,BE04-1427-ZN,FID-BE-04,PL-Beta,80,1
2023-04-01,BE04-1427-ZN,FID-BE-04,PL-Beta,79,1
2023-05-01,BE04-1427-ZN,FID-BE-04,PL-Beta,73,1
2023-06-01,BE04-1427-ZN,FID-BE-04,PL-Beta,84,1
2023-07-01,BE04-1458-CB,FID-BE-04,PL-Beta,82,1
2023-08-01,BE04-1458-CB,FID-BE-04,PL-Beta,89,1
2023-09-01,BE04-1458-CB,FID-BE-04,PL-Beta,69,1
2023-10-01,BE04-1458-CB,FID-BE-04,PL-Beta,70,1
2023-11-01,BE04-1458-CB,FID-BE-04,PL-Beta,70,1
2023-12-01,BE04-1458-CB,FID-BE-04,PL-Beta,84,1
2024-01-01,BE04-1458-CB,FID-BE-04,PL-Beta,115,1
2024-02-01,BE04-1458-CB,FID-BE-04,PL-Beta,70,1
2024-03-01,BE04-1458-CB,FID-BE-04,PL-Beta,70,1
2024-04-01,BE04-1458-CB,FID-BE-04,PL-Beta,79,1
2024-05-01,BE04-1458-CB,FID-BE-04,PL-Beta,72,1
2024-06-01,BE04-1458-CB,FID-BE-04,PL-Beta,86,1
2024-07-01,BE04-1458-CB,FID-BE-04,PL-Beta,50,1
2024-08-01,BE04-1458-CB,FID-BE-04,PL-Beta,66,1
2024-09-01,BE04-1458-CB,FID-BE-04,PL-Beta,66,1
2024-10-01,BE04-1458-CB,FID-BE-04,PL-Beta,49,1
2024-11-01,BE04-1458-CB,FID-BE-04,PL-Beta,64,1
2024-12-01,BE04-1458-CB,FID-BE-04,PL-Beta,65,1
2022-01-01,BE05-5798-CQ,FID-BE-05,PL-Beta,170,1
2022-02-01,BE05-5798-CQ,FID-BE-05,PL-Beta,127,1
2022-03-01,BE05-5798-CQ,FID-BE-05,PL-Beta,144,1
2022-04-01,BE05-5798-CQ,FID-BE-05,PL-Beta,131,1
2022-05-01,BE05-6571-UK,FID-BE-05,PL-Beta,145,1
2022-06-01,BE05-6571-UK,FID-BE-05,PL-Beta,111,1
2022-07-01,BE05-6571-UK,FID-BE-05,PL-Beta,131,1
2022-08-01,BE05-6571-UK,FID-BE-05,PL-Beta,127,1
2022-09-01,BE05-6571-UK,FID-BE-05,PL-Beta,107,1
2022-10-01,BE05-6571-UK,FID-BE-05,PL-Beta,100,1
2022-11-01,BE05-6571-UK,FID-BE-05,PL-Beta,144,1
2022-12-01,BE05-6571-UK,FID-BE-05,PL-Beta,124,1
2023-01-01,BE05-6571-UK,FID-BE-05,PL-Beta,155,1
2023-02-01,BE05-6571-UK,FID-BE-05,PL-Beta,129,1
2023-03-01,BE05-6571-UK,FID-BE-05,PL-Beta,153,1
2023-04-01,BE05-6571-UK,FID-BE-05,PL-Beta,86,1
2023-05-01,BE05-6571-UK,FID-BE-05,PL-Beta,102,1
2023-06-01,BE05-5119-BJ,FID-BE-05,PL-Beta,113,1
2023-07-01,BE05-5119-BJ,FID-BE-05,PL-Beta,160,1
2023-08-01,BE05-5119-BJ,FID-BE-05,PL-Beta,137,1
2023-09-01,BE05-5119-BJ,FID-BE-05,PL-Beta,146,1
2023-10-01,BE05-5119-BJ,FID-BE-05,PL-Beta,109,1
2023-11-01,BE05-5119-BJ,FID-BE-05,PL-Beta,109,1
2023-12-01,BE05-5119-BJ,FID-BE-05,PL-Beta,140,1
2024-01-01,BE05-5119-BJ,FID-BE-05,PL-Beta,164,1
2024-02-01,BE05-5119-BJ,FID-BE-05,PL-Beta,142,1
2024-03-01,BE05-2464-ZN,FID-BE-05,PL-Beta,127,1
2024-04-01,BE05-2464-ZN,FID-BE-05,PL-Beta,136,1
2024-05-01,BE05-2464-ZN,FID-BE-05,PL-Beta,134,1
2024-06-01,BE05-2464-ZN,FID-BE-05,PL-Beta,146,1
2024-07-01,BE05-2464-ZN,FID-BE-05,PL-Beta,147,1
2024-08-01,BE05-2464-ZN,FID-BE-05,PL-Beta,99,1
2024-09-01,BE05-2464-ZN,FID-BE-05,PL-Beta,87,1
2024-10-01,BE05-2464-ZN,FID-BE-05,PL-Beta,151,1
2024-11-01,BE05-2464-ZN,FID-BE-05,PL-Beta,154,1
2024-12-01,BE05-2464-ZN,FID-BE-05,PL-Beta,111,1
2022-01-01,BE06-1454-ZW,FID-BE-06,PL-Beta,286,1
2022-02-01,BE06-1454-ZW,FID-BE-06,PL-Beta,202,1
2022-03-01,BE06-1454-ZW,FID-BE-06,PL-Beta,149,1
2022-04-01,BE06-1454-ZW,FID-BE-06,PL-Beta,195,1
2022-05-01,BE06-1454-ZW,FID-BE-06,PL-Beta,190,1
2022-06-01,BE06-1454-ZW,FID-BE-06,PL-Beta,184,1
2022-07-01,BE06-1454-ZW,FID-BE-06,PL-Beta,205,1
2022-08-01,BE06-1454-ZW,FID-BE-06,PL-Beta,189,1
2022-09-01,BE06-1454-ZW,FID-BE-06,PL-Beta,192,1
2022-10-01,BE06-1454-ZW,FID-BE-06,PL-Beta,190,1
2022-11-01,BE06-1454-ZW,FID-BE-06,PL-Beta,182,1
2022-12-01,BE06-1454-ZW,FID-BE-06,PL-Beta,127,1
2023-01-01,BE06-1454-ZW,FID-BE-06,PL-Beta,225,1
2023-02-01,BE06-1454-ZW,FID-BE-06,PL-Beta,159,1
2023-03-01,BE06-1454-ZW,FID-BE-06,PL-Beta,140,1
2023-04-01,BE06-1454-ZW,FID-BE-06,PL-Beta,217,1
2023-05-01,BE06-1454-ZW,FID-BE-06,PL-Beta,218,1
2023-06-01,BE06-1454-ZW,FID-BE-06,PL-Beta,208,1
2023-07-01,BE06-1454-ZW,FID-BE-06,PL-Beta,180,1
2023-08-01,BE06-1454-ZW,FID-BE-06,PL-Beta,208,1
2023-09-01,BE06-1454-ZW,FID-BE-06,PL-Beta,173,1
2023-10-01,BE06-1454-ZW,FID-BE-06,PL-Beta,178,1
2023-11-01,BE06-1454-ZW,FID-BE-06,PL-Beta,145,1
2023-12-01,BE06-1454-ZW,FID-BE-06,PL-Beta,183,1
2024-01-01,BE06-5024-AS,FID-BE-06,PL-Beta,230,1
2024-02-01,BE06-5024-AS,FID-BE-06,PL-Beta,139,1
2024-03-01,BE06-5024-AS,FID-BE-06,PL-Beta,172,1
2024-04-01,BE06-5024-AS,FID-BE-06,PL-Beta,171,1
2024-05-01,BE06-5024-AS,FID-BE-06,PL-Beta,220,1
2024-06-01,BE06-5024-AS,FID-BE-06,PL-Beta,196,1
2024-07-01,BE06-5024-AS,FID-BE-06,PL-Beta,173,1
2024-08-01,BE06-5024-AS,FID-BE-06,PL-Beta,179,1
2024-09-01,BE06-5024-AS,FID-BE-06,PL-Beta,174,1
2024-10-01,BE06-5024-AS,FID-BE-06,PL-Beta,168,1
2024-11-01,BE06-5024-AS,FID-BE-06,PL-Beta,145,1
2024-12-01,BE06-5024-AS,FID-BE-06,PL-Beta,169,1
2022-01-01,BE07-7294-RN,FID-BE-07,PL-Beta,52,1
2022-02-01,BE07-7294-RN,FID-BE-07,PL-Beta,41,1
2022-03-01,BE07-7294-RN,FID-BE-07,PL-Beta,40,1
2022-04-01,BE07-7294-RN,FID-BE-07,PL-Beta,35,1
2022-05-01,BE07-7294-RN,FID-BE-07,PL-Beta,31,1
2022-06-01,BE07-7294-RN,FID-BE-07,PL-Beta,29,1
2022-07-01,BE07-8789-GQ,FID-BE-07,PL-Beta,37,1
2022-08-01,BE07-8789-GQ,FID-BE-07,PL-Beta,37,1
2022-09-01,BE07-8789-GQ,FID-BE-07,PL-Beta,42,1
2022-10-01,BE07-8789-GQ,FID-BE-07,PL-Beta,41,1
2022-11-01,BE07-8789-GQ,FID-BE-07,PL-Beta,34,1
2022-12-01,BE07-8789-GQ,FID-BE-07,PL-Beta,28,1
2023-01-01,BE07-8789-GQ,FID-BE-07,PL-Beta,46,1
2023-02-01,BE07-8789-GQ,FID-BE-07,PL-Beta,36,1
2023-03-01,BE07-8789-GQ,FID-BE-07,PL-Beta,34,1
2023-04-01,BE07-8789-GQ,FID-BE-07,PL-Beta,32,1
2023-05-01,BE07-8789-GQ,FID-BE-07,PL-Beta,36,1
2023-06-01,BE07-8789-GQ,FID-BE-07,PL-Beta,32,1
2023-07-01,BE07-8789-GQ,FID-BE-07,PL-Beta,32,1
2023-08-01,BE07-8789-GQ,FID-BE-07,PL-Beta,37,1
2023-09-01,BE07-8789-GQ,FID-BE-07,PL-Beta,33,1
2023-10-01,BE07-8789-GQ,FID-BE-07,PL-Beta,36,1
2023-11-01,BE07-8789-GQ,FID-BE-07,PL-Beta,36,1
2023-12-01,BE07-8789-GQ,FID-BE-07,PL-Beta,29,1
2024-01-01,BE07-8789-GQ,FID-BE-07,PL-Beta,40,1
2024-02-01,BE07-8749-CL,FID-BE-07,PL-Beta,43,1
2024-03-01,BE07-8749-CL,FID-BE-07,PL-Beta,29,1
2024-04-01,BE07-8749-CL,FID-BE-07,PL-Beta,24,1
2024-05-01,BE07-8749-CL,FID-BE-07,PL-Beta,25,1
2024-06-01,BE07-8749-CL,FID-BE-07,PL-Beta,35,1
2024-07-01,BE07-8749-CL,FID-BE-07,PL-Beta,35,1
2024-08-01,BE07-8749-CL,FID-BE-07,PL-Beta,34,1
2024-09-01,BE07-8749-CL,FID-BE-07,PL-Beta,41,1
2024-10-01,BE07-8749-CL,FID-BE-07,PL-Beta,21,1
2024-11-01,BE07-8749-CL,FID-BE-07,PL-Beta,37,1
2024-12-01,BE07-8749-CL,FID-BE-07,PL-Beta,43,1
2022-01-01,BE08-3652-LY,FID-BE-08,PL-Beta,39,1
2022-02-01,BE08-3652-LY,FID-BE-08,PL-Beta,37,1
2022-03-01,BE08-3652-LY,FID-BE-08,PL-Beta,29,1
2022-04-01,BE08-3652-LY,FID-BE-08,PL-Beta,30,1
2022-05-01,BE08-3652-LY,FID-BE-08,PL-Beta,31,1
2022-06-01,BE08-3652-LY,FID-BE-08,PL-Beta,43,1
2022-07-01,BE08-3652-LY,FID-BE-08,PL-Beta,33,1
2022-08-01,BE08-3813-WG,FID-BE-08,PL-Beta,26,1
2022-09-01,BE08-3813-WG,FID-BE-08,PL-Beta,33,1
2022-10-01,BE08-3813-WG,FID-BE-08,PL-Beta,27,1
2022-11-01,BE08-3813-WG,FID-BE-08,PL-Beta,27,1
2022-12-01,BE08-3813-WG,FID-BE-08,PL-Beta,33,1
2023-01-01,BE08-3813-WG,FID-BE-08,PL-Beta,35,1
2023-02-01,BE08-3813-WG,FID-BE-08,PL-Beta,30,1
2023-03-01,BE08-3813-WG,FID-BE-08,PL-Beta,29,1
2023-04-01,BE08-3813-WG,FID-BE-08,PL-Beta,30,1
2023-05-01,BE08-3813-WG,FID-BE-08,PL-Beta,31,1
2023-06-01,BE08-3813-WG,FID-BE-08,PL-Beta,21,1
2023-07-01,BE08-3813-WG,FID-BE-08,PL-Beta,32,1
2023-08-01,BE08-3813-WG,FID-BE-08,PL-Beta,25,1
2023-09-01,BE08-3813-WG,FID-BE-08,PL-Beta,23,1
2023-10-01,BE08-3813-WG,FID-BE-08,PL-Beta,29,1
2023-11-01,BE08-3813-WG,FID-BE-08,PL-Beta,29,1
2023-12-01,BE08-3813-WG,FID-BE-08,PL-Beta,26,1
2024-01-01,BE08-3813-WG,FID-BE-08,PL-Beta,44,1
2024-02-01,BE08-3813-WG,FID-BE-08,PL-Beta,23,1
2024-03-01,BE08-3813-WG,FID-BE-08,PL-Beta,27,1
2024-04-01,BE08-3813-WG,FID-BE-08,PL-Beta,26,1
2024-05-01,BE08-3813-WG,FID-BE-08,PL-Beta,29,1
2024-06-01,BE08-3813-WG,FID-BE-08,PL-Beta,30,1
2024-07-01,BE08-3813-WG,FID-BE-08,PL-Beta,25,1
2024-08-01,BE08-3813-WG,FID-BE-08,PL-Beta,32,1
2024-09-01,BE08-3813-WG,FID-BE-08,PL-Beta,29,1
2024-10-01,BE08-3813-WG,FID-BE-08,PL-Beta,21,1
2024-11-01,BE08-3813-WG,FID-BE-08,PL-Beta,20,1
2024-12-01,BE08-3813-WG,FID-BE-08,PL-Beta,29,1
2022-01-01,BE09-3664-NE,FID-BE-09,PL-Beta,81,1
2022-02-01,BE09-3664-NE,FID-BE-09,PL-Beta,57,1
2022-03-01,BE09-3664-NE,FID-BE-09,PL-Beta,72,1
2022-04-01,BE09-3664-NE,FID-BE-09,PL-Beta,83,1
2022-05-01,BE09-3664-NE,FID-BE-09,PL-Beta,67,1
2022-06-01,BE09-3664-NE,FID-BE-09,PL-Beta,47,1
2022-07-01,BE09-3664-NE,FID-BE-09,PL-Beta,56,1
2022-08-01,BE09-3664-NE,FID-BE-09,PL-Beta,66,1
2022-09-01,BE09-3664-NE,FID-BE-09,PL-Beta,69,1
2022-10-01,BE09-3664-NE,FID-BE-09,PL-Beta,72,1
2022-11-01,BE09-2451-XW,FID-BE-09,PL-Beta,77,1
2022-12-01,BE09-2451-XW,FID-BE-09,PL-Beta,75,1
2023-01-01,BE09-2451-XW,FID-BE-09,PL-Beta,116,1
2023-02-01,BE09-2451-XW,FID-BE-09,PL-Beta,73,1
2023-03-01,BE09-2451-XW,FID-BE-09,PL-Beta,72,1
2023-04-01,BE09-2451-XW,FID-BE-09,PL-Beta,87,1
2023-05-01,BE09-2451-XW,FID-BE-09,PL-Beta,68,1
2023-06-01,BE09-2451-XW,FID-BE-09,PL-Beta,88,1
2023-07-01,BE09-2451-XW,FID-BE-09,PL-Beta,86,1
2023-08-01,BE09-2451-XW,FID-BE-09,PL-Beta,85,1
2023-09-01,BE09-2451-XW,FID-BE-09,PL-Beta,103,1
2023-10-01,BE09-2451-XW,FID-BE-09,PL-Beta,82,1
2023-11-01,BE09-2451-XW,FID-BE-09,PL-Beta,110,1
2023-12-01,BE09-2451-XW,FID-BE-09,PL-Beta,88,1
2024-01-01,BE09-2451-XW,FID-BE-09,PL-Beta,105,1
2024-02-01,BE09-2451-XW,FID-BE-09,PL-Beta,93,1
2024-03-01,BE09-2451-XW,FID-BE-09,PL-Beta,82,1
2024-04-01,BE09-2451-XW,FID-BE-09,PL-Beta,86,1
2024-05-01,BE09-2451-XW,FID-BE-09,PL-Beta,99,1
2024-06-01,BE09-2451-XW,FID-BE-09,PL-Beta,102,1
2024-07-01,BE09-2451-XW,FID-BE-09,PL-Beta,91,1
2024-08-01,BE09-2451-XW,FID-BE-09,PL-Beta,108,1
2024-09-01,BE09-2451-XW,FID-BE-09,PL-Beta,111,1
2024-10-01,BE09-2451-XW,FID-BE-09,PL-Beta,114,1
2024-11-01,BE09-2451-XW,FID-BE-09,PL-Beta,106,1
2024-12-01,BE09-2451-XW,FID-BE-09,PL-Beta,116,1
2022-01-01,BE10-1020-HQ,FID-BE-10,PL-Beta,251,1
2022-02-01,BE10-1020-HQ,FID-BE-10,PL-Beta,201,1
2022-03-01,BE10-1020-HQ,FID-BE-10,PL-Beta,182,1
2022-04-01,BE10-1020-HQ,FID-BE-10,PL-Beta,191,1
2022-05-01,BE10-1020-HQ,FID-BE-10,PL-Beta,189,1
2022-06-01,BE10-1020-HQ,FID-BE-10,PL-Beta,202,1
2022-07-01,BE10-1020-HQ,FID-BE-10,PL-Beta,222,1
2022-08-01,BE10-1020-HQ,FID-BE-10,PL-Beta,236,1
2022-09-01,BE10-1020-HQ,FID-BE-10,PL-Beta,198,1
2022-10-01,BE10-1020-HQ,FID-BE-10,PL-Beta,206,1
2022-11-01,BE10-1020-HQ,FID-BE-10,PL-Beta,156,1
2022-12-01,BE10-1020-HQ,FID-BE-10,PL-Beta,187,1
2023-01-01,BE10-5973-PD,FID-BE-10,PL-Beta,273,1
2023-02-01,BE10-5973-PD,FID-BE-10,PL-Beta,214,1
2023-03-01,BE10-5973-PD,FID-BE-10,PL-Beta,195,1
2023-04-01,BE10-5973-PD,FID-BE-10,PL-Beta,214,1
2023-05-01,BE10-5973-PD,FID-BE-10,PL-Beta,203,1
2023-06-01,BE10-5973-PD,FID-BE-10,PL-Beta,223,1
2023-07-01,BE10-5973-PD,FID-BE-10,PL-Beta,197,1
2023-08-01,BE10-5973-PD,FID-BE-10,PL-Beta,179,1
2023-09-01,BE10-5973-PD,FID-BE-10,PL-Beta,199,1
2023-10-01,BE10-5973-PD,FID-BE-10,PL-Beta,106,1
2023-11-01,BE10-5973-PD,FID-BE-10,PL-Beta,200,1
2023-12-01,BE10-5973-PD,FID-BE-10,PL-Beta,86,1
2024-01-01,BE10-5973-PD,FID-BE-10,PL-Beta,196,1
2024-02-01,BE10-5973-PD,FID-BE-10,PL-Beta,202,1
2024-03-01,BE10-5973-PD,FID-BE-10,PL-Beta,203,1
2024-04-01,BE10-5973-PD,FID-BE-10,PL-Beta,156,1
2024-05-01,BE10-5973-PD,FID-BE-10,PL-Beta,169,1
2024-06-01,BE10-5973-PD,FID-BE-10,PL-Beta,228,1
2024-07-01,BE10-5973-PD,FID-BE-10,PL-Beta,175,1
2024-08-01,BE10-5973-PD,FID-BE-10,PL-Beta,253,1
2024-09-01,BE10-5973-PD,FID-BE-10,PL-Beta,189,1
2024-10-01,BE10-5973-PD,FID-BE-10,PL-Beta,201,1
2024-11-01,BE10-5973-PD,FID-BE-10,PL-Beta,235,1
2024-12-01,BE10-5973-PD,FID-BE-10,PL-Beta,193,1
2022-01-01,BE11-2181-TO,FID-BE-11,PL-Beta,74,1
2022-02-01,BE11-2181-TO,FID-BE-11,PL-Beta,62,1
2022-03-01,BE11-2181-TO,FID-BE-11,PL-Beta,65,1
2022-04-01,BE11-2181-TO,FID-BE-11,PL-Beta,69,1
2022-05-01,BE11-2181-TO,FID-BE-11,PL-Beta,54,1
2022-06-01,BE11-2181-TO,FID-BE-11,PL-Beta,53,1
2022-07-01,BE11-2181-TO,FID-BE-11,PL-Beta,73,1
2022-08-01,BE11-2181-TO,FID-BE-11,PL-Beta,59,1
2022-09-01,BE11-2181-TO,FID-BE-11,PL-Beta,50,1
2022-10-01,BE11-2181-TO,FID-BE-11,PL-Beta,67,1
2022-11-01,BE11-2181-TO,FID-BE-11,PL-Beta,67,1
2022-12-01,BE11-2181-TO,FID-BE-11,PL-Beta,49,1
2023-01-01,BE11-2181-TO,FID-BE-11,PL-Beta,84,1
2023-02-01,BE11-2181-TO,FID-BE-11,PL-Beta,70,1
2023-03-01,BE11-2181-TO,FID-BE-11,PL-Beta,67,1
2023-04-01,BE11-2181-TO,FID-BE-11,PL-Beta,69,1
2023-05-01,BE11-2181-TO,FID-BE-11,PL-Beta,50,1
2023-06-01,BE11-2181-TO,FID-BE-11,PL-Beta,66,1
2023-07-01,BE11-2181-TO,FID-BE-11,PL-Beta,60,1
2023-08-01,BE11-2181-TO,FID-BE-11,PL-Beta,58,1
2023-09-01,BE11-2181-TO,FID-BE-11,PL-Beta,71,1
2023-10-01,BE11-2181-TO,FID-BE-11,PL-Beta,77,1
2023-11-01,BE11-6899-UN,FID-BE-11,PL-Beta,80,1
2023-12-01,BE11-6899-UN,FID-BE-11,PL-Beta,75,1
2024-01-01,BE11-6899-UN,FID-BE-11,PL-Beta,76,1
2024-02-01,BE11-6899-UN,FID-BE-11,PL-Beta,66,1
2024-03-01,BE11-6899-UN,FID-BE-11,PL-Beta,70,1
2024-04-01,BE11-6899-UN,FID-BE-11,PL-Beta,64,1
2024-05-01,BE11-6899-UN,FID-BE-11,PL-Beta,64,1
2024-06-01,BE11-6899-UN,FID-BE-11,PL-Beta,71,1
2024-07-01,BE11-6899-UN,FID-BE-11,PL-Beta,62,1
2024-08-01,BE11-6899-UN,FID-BE-11,PL-Beta,56,1
2024-09-01,BE11-6899-UN,FID-BE-11,PL-Beta,59,1
2024-10-01,BE11-6899-UN,FID-BE-11,PL-Beta,69,1
2024-11-01,BE11-6899-UN,FID-BE-11,PL-Beta,63,1
2024-12-01,BE11-6899-UN,FID-BE-11,PL-Beta,66,1
2022-01-01,BE12-9802-AI,FID-BE-12,PL-Beta,138,1
2022-02-01,BE12-9802-AI,FID-BE-12,PL-Beta,115,1
2022-03-01,BE12-9802-AI,FID-BE-12,PL-Beta,115,1
2022-04-01,BE12-9802-AI,FID-BE-12,PL-Beta,137,1
2022-05-01,BE12-9802-AI,FID-BE-12,PL-Beta,130,1
2022-06-01,BE12-9802-AI,FID-BE-12,PL-Beta,129,1
2022-07-01,BE12-9802-AI,FID-BE-12,PL-Beta,149,1
2022-08-01,BE12-9802-AI,FID-BE-12,PL-Beta,143,1
2022-09-01,BE12-9802-AI,FID-BE-12,PL-Beta,142,1
2022-10-01,BE12-9802-AI,FID-BE-12,PL-Beta,144,1
2022-11-01,BE12-9802-AI,FID-BE-12,PL-Beta,149,1
2022-12-01,BE12-9802-AI,FID-BE-12,PL-Beta,93,1
2023-01-01,BE12-9802-AI,FID-BE-12,PL-Beta,161,1
2023-02-01,BE12-9802-AI,FID-BE-12,PL-Beta,92,1
2023-03-01,BE12-9802-AI,FID-BE-12,PL-Beta,137,1
2023-04-01,BE12-9802-AI,FID-BE-12,PL-Beta,136,1
2023-05-01,BE12-9802-AI,FID-BE-12,PL-Beta,157,1
2023-06-01,BE12-9802-AI,FID-BE-12,PL-Beta,160,1
2023-07-01,BE12-9802-AI,FID-BE-12,PL-Beta,140,1
2023-08-01,BE12-9802-AI,FID-BE-12,PL-Beta,126,1
2023-09-01,BE12-9802-AI,FID-BE-12,PL-Beta,146,1
2023-10-01,BE12-9802-AI,FID-BE-12,PL-Beta,125,1
2023-11-01,BE12-9802-AI,FID-BE-12,PL-Beta,136,1
2023-12-01,BE12-9802-AI,FID-BE-12,PL-Beta,156,1
2024-01-01,BE12-9802-AI,FID-BE-12,PL-Beta,173,1
2024-02-01,BE12-9802-AI,FID-BE-12,PL-Beta,152,1
2024-03-01,BE12-9802-AI,FID-BE-12,PL-Beta,150,1
2024-04-01,BE12-9802-AI,FID-BE-12,PL-Beta,117,1
2024-05-01,BE12-9802-AI,FID-BE-12,PL-Beta,156,1
2024-06-01,BE12-9802-AI,FID-BE-12,PL-Beta,150,1
2024-07-01,BE12-1188-AY,FID-BE-12,PL-Beta,138,1
2024-08-01,BE12-1188-AY,FID-BE-12,PL-Beta,120,1
2024-09-01,BE12-1188-AY,FID-BE-12,PL-Beta,118,1
2024-10-01,BE12-1188-AY,FID-BE-12,PL-Beta,125,1
2024-11-01,BE12-1188-AY,FID-BE-12,PL-Beta,147,1
2024-12-01,BE12-1188-AY,FID-BE-12,PL-Beta,117,1
2022-01-01,DE01-4534-GY,FID-DE-01,PL-Delta,222,1
2022-02-01,DE01-4534-GY,FID-DE-01,PL-Delta,133,1
2022-03-01,DE01-4534-GY,FID-DE-01,PL-Delta,145,1
2022-04-01,DE01-4534-GY,FID-DE-01,PL-Delta,124,1
2022-05-01,DE01-4534-GY,FID-DE-01,PL-Delta,123,1
2022-06-01,DE01-4534-GY,FID-DE-01,PL-Delta,152,1
2022-07-01,DE01-4534-GY,FID-DE-01,PL-Delta,139,1
2022-08-01,DE01-4534-GY,FID-DE-01,PL-Delta,165,1
2022-09-01,DE01-4534-GY,FID-DE-01,PL-Delta,167,1
2022-10-01,DE01-9255-LW,FID-DE-01,PL-Delta,164,1
2022-11-01,DE01-9255-LW,FID-DE-01,PL-Delta,162,1
2022-12-01,DE01-9255-LW,FID-DE-01,PL-Delta,193,1
2023-01-01,DE01-9255-LW,FID-DE-01,PL-Delta,186,1
2023-02-01,DE01-9255-LW,FID-DE-01,PL-Delta,155,1
2023-03-01,DE01-9255-LW,FID-DE-01,PL-Delta,183,1
2023-04-01,DE01-9255-LW,FID-DE-01,PL-Delta,186,1
2023-05-01,DE01-9255-LW,FID-DE-01,PL-Delta,123,1
2023-06-01,DE01-9255-LW,FID-DE-01,PL-Delta,149,1
2023-07-01,DE01-9255-LW,FID-DE-01,PL-Delta,188,1
2023-08-01,DE01-9255-LW,FID-DE-01,PL-Delta,168,1
2023-09-01,DE01-9255-LW,FID-DE-01,PL-Delta,161,1
2023-10-01,DE01-9255-LW,FID-DE-01,PL-Delta,151,1
2023-11-01,DE01-9255-LW,FID-DE-01,PL-Delta,147,1
2023-12-01,DE01-9255-LW,FID-DE-01,PL-Delta,163,1
2024-01-01,DE01-9255-LW,FID-DE-01,PL-Delta,193,1
2024-02-01,DE01-9255-LW,FID-DE-01,PL-Delta,155,1
2024-03-01,DE01-9255-LW,FID-DE-01,PL-Delta,158,1
2024-04-01,DE01-9255-LW,FID-DE-01,PL-Delta,140,1
2024-05-01,DE01-9255-LW,FID-DE-01,PL-Delta,168,1
2024-06-01,DE01-9255-LW,FID-DE-01,PL-Delta,224,1
2024-07-01,DE01-9255-LW,FID-DE-01,PL-Delta,114,1
2024-08-01,DE01-9255-LW,FID-DE-01,PL-Delta,164,1
2024-09-01,DE01-9255-LW,FID-DE-01,PL-Delta,138,1
2024-10-01,DE01-9255-LW,FID-DE-01,PL-Delta,170,1
2024-11-01,DE01-9255-LW,FID-DE-01,PL-Delta,157,1
2024-12-01,DE01-9255-LW,FID-DE-01,PL-Delta,174,1
2022-01-01,DE02-3556-OB,FID-DE-02,PL-Delta,183,1
2022-02-01,DE02-3556-OB,FID-DE-02,PL-Delta,151,1
2022-03-01,DE02-3556-OB,FID-DE-02,PL-Delta,176,1
2022-04-01,DE02-3556-OB,FID-DE-02,PL-Delta,172,1
2022-05-01,DE02-3556-OB,FID-DE-02,PL-Delta,179,1
2022-06-01,DE02-3556-OB,FID-DE-02,PL-Delta,200,1
2022-07-01,DE02-3556-OB,FID-DE-02,PL-Delta,126,1
2022-08-01,DE02-3556-OB,FID-DE-02,PL-Delta,197,1
2022-09-01,DE02-3556-OB,FID-DE-02,PL-Delta,172,1
2022-10-01,DE02-3556-OB,FID-DE-02,PL-Delta,167,1
2022-11-01,DE02-3556-OB,FID-DE-02,PL-Delta,134,1
2022-12-01,DE02-3556-OB,FID-DE-02,PL-Delta,185,1
2023-01-01,DE02-3556-OB,FID-DE-02,PL-Delta,146,1
2023-02-01,DE02-3556-OB,FID-DE-02,PL-Delta,189,1
2023-03-01,DE02-3556-OB,FID-DE-02,PL-Delta,134,1
2023-04-01,DE02-5648-ZV,FID-DE-02,PL-Delta,173,1
2023-05-01,DE02-5648-ZV,FID-DE-02,PL-Delta,169,1
2023-06-01,DE02-5648-ZV,FID-DE-02,PL-Delta,202,1
2023-07-01,DE02-5648-ZV,FID-DE-02,PL-Delta,167,1
2023-08-01,DE02-5648-ZV,FID-DE-02,PL-Delta,154,1
2023-09-01,DE02-5648-ZV,FID-DE-02,PL-Delta,159,1
2023-10-01,DE02-8089-ZY,FID-DE-02,PL-Delta,205,1
2023-11-01,DE02-8089-ZY,FID-DE-02,PL-Delta,186,1
2023-12-01,DE02-8089-ZY,FID-DE-02,PL-Delta,162,1
2024-01-01,DE02-8089-ZY,FID-DE-02,PL-Delta,230,1
2024-02-01,DE02-8089-ZY,FID-DE-02,PL-Delta,132,1
2024-03-01,DE02-8089-ZY,FID-DE-02,PL-Delta,182,1
2024-04-01,DE02-8089-ZY,FID-DE-02,PL-Delta,127,1
2024-05-01,DE02-8089-ZY,FID-DE-02,PL-Delta,191,1
2024-06-01,DE02-8089-ZY,FID-DE-02,PL-Delta,175,1
2024-07-01,DE02-8089-ZY,FID-DE-02,PL-Delta,234,1
2024-08-01,DE02-8089-ZY,FID-DE-02,PL-Delta,144,1
2024-09-01,DE02-8089-ZY,FID-DE-02,PL-Delta,169,1
2024-10-01,DE02-8089-ZY,FID-DE-02,PL-Delta,218,1
2024-11-01,DE02-8089-ZY,FID-DE-02,PL-Delta,203,1
2024-12-01,DE02-8089-ZY,FID-DE-02,PL-Delta,154,1
2022-01-01,DE03-9741-WE,FID-DE-03,PL-Delta,143,1
2022-02-01,DE03-9741-WE,FID-DE-03,PL-Delta,146,1
2022-03-01,DE03-9741-WE,FID-DE-03,PL-Delta,135,1
2022-04-01,DE03-9741-WE,FID-DE-03,PL-Delta,115,1
2022-05-01,DE03-9741-WE,FID-DE-03,PL-Delta,125,1
2022-06-01,DE03-9741-WE,FID-DE-03,PL-Delta,103,1
2022-07-01,DE03-9741-WE,FID-DE-03,PL-Delta,113,1
2022-08-01,DE03-9741-WE,FID-DE-03,PL-Delta,123,1
2022-09-01,DE03-9741-WE,FID-DE-03,PL-Delta,157,1
2022-10-01,DE03-9741-WE,FID-DE-03,PL-Delta,123,1
2022-11-01,DE03-9741-WE,FID-DE-03,PL-Delta,148,1
2022-12-01,DE03-9741-WE,FID-DE-03,PL-Delta,127,1
2023-01-01,DE03-9741-WE,FID-DE-03,PL-Delta,175,1
2023-02-01,DE03-6206-MF,FID-DE-03,PL-Delta,136,1
2023-03-01,DE03-6206-MF,FID-DE-03,PL-Delta,157,1
2023-04-01,DE03-6206-MF,FID-DE-03,PL-Delta,131,1
2023-05-01,DE03-6206-MF,FID-DE-03,PL-Delta,112,1
2023-06-01,DE03-6206-MF,FID-DE-03,PL-Delta,117,1
2023-07-01,DE03-6206-MF,FID-DE-03,PL-Delta,134,1
2023-08-01,DE03-6206-MF,FID-DE-03,PL-Delta,121,1
2023-09-01,DE03-6206-MF,FID-DE-03,PL-Delta,154,1
2023-10-01,DE03-6206-MF,FID-DE-03,PL-Delta,138,1
2023-11-01,DE03-6206-MF,FID-DE-03,PL-Delta,193,1
2023-12-01,DE03-6206-MF,FID-DE-03,PL-Delta,116,1
2024-01-01,DE03-6206-MF,FID-DE-03,PL-Delta,198,1
2024-02-01,DE03-6206-MF,FID-DE-03,PL-Delta,130,1
2024-03-01,DE03-6206-MF,FID-DE-03,PL-Delta,143,1
2024-04-01,DE03-6206-MF,FID-DE-03,PL-Delta,156,1
2024-05-01,DE03-6206-MF,FID-DE-03,PL-Delta,110,1
2024-06-01,DE03-6206-MF,FID-DE-03,PL-Delta,159,1
2024-07-01,DE03-6206-MF,FID-DE-03,PL-Delta,192,1
2024-08-01,DE03-6206-MF,FID-DE-03,PL-Delta,148,1
2024-09-01,DE03-6206-MF,FID-DE-03,PL-Delta,163,1
2024-10-01,DE03-6206-MF,FID-DE-03,PL-Delta,178,1
2024-11-01,DE03-6206-MF,FID-DE-03,PL-Delta,157,1
2024-12-01,DE03-6206-MF,FID-DE-03,PL-Delta,150,1
2022-01-01,DE04-6596-KB,FID-DE-04,PL-Delta,53,1
2022-02-01,DE04-6596-KB,FID-DE-04,PL-Delta,29,1
2022-03-01,DE04-6596-KB,FID-DE-04,PL-Delta,42,1
2022-04-01,DE04-6596-KB,FID-DE-04,PL-Delta,28,1
2022-05-01,DE04-6596-KB,FID-DE-04,PL-Delta,32,1
2022-06-01,DE04-6596-KB,FID-DE-04,PL-Delta,46,1
2022-07-01,DE04-6596-KB,FID-DE-04,PL-Delta,42,1
2022-08-01,DE04-6596-KB,FID-DE-04,PL-Delta,37,1
2022-09-01,DE04-6596-KB,FID-DE-04,PL-Delta,31,1
2022-10-01,DE04-6596-KB,FID-DE-04,PL-Delta,33,1
2022-11-01,DE04-5006-JZ,FID-DE-04,PL-Delta,36,1
2022-12-01,DE04-5006-JZ,FID-DE-04,PL-Delta,36,1
2023-01-01,DE04-5006-JZ,FID-DE-04,PL-Delta,49,1
2023-02-01,DE04-5006-JZ,FID-DE-04,PL-Delta,36,1
2023-03-01,DE04-5006-JZ,FID-DE-04,PL-Delta,35,1
2023-04-01,DE04-5006-JZ,FID-DE-04,PL-Delta,28,1
2023-05-01,DE04-5006-JZ,FID-DE-04,PL-Delta,33,1
2023-06-01,DE04-5006-JZ,FID-DE-04,PL-Delta,41,1
2023-07-01,DE04-5006-JZ,FID-DE-04,PL-Delta,29,1
2023-08-01,DE04-5006-JZ,FID-DE-04,PL-Delta,35,1
2023-09-01,DE04-5006-JZ,FID-DE-04,PL-Delta,32,1
2023-10-01,DE04-5006-JZ,FID-DE-04,PL-Delta,37,1
2023-11-01,DE04-5006-JZ,FID-DE-04,PL-Delta,34,1
2023-12-01,DE04-5006-JZ,FID-DE-04,PL-Delta,44,1
2024-01-01,DE04-5006-JZ,FID-DE-04,PL-Delta,48,1
2024-02-01,DE04-5006-JZ,FID-DE-04,PL-Delta,29,1
2024-03-01,DE04-5006-JZ,FID-DE-04,PL-Delta,40,1
2024-04-01,DE04-5006-JZ,FID-DE-04,PL-Delta,32,1
2024-05-01,DE04-5006-JZ,FID-DE-04,PL-Delta,33,1
2024-06-01,DE04-5006-JZ,FID-DE-04,PL-Delta,38,1
2024-07-01,DE04-5006-JZ,FID-DE-04,PL-Delta,33,1
2024-08-01,DE04-5006-JZ,FID-DE-04,PL-Delta,41,1
2024-09-01,DE04-5006-JZ,FID-DE-04,PL-Delta,32,1
2024-10-01,DE04-5006-JZ,FID-DE-04,PL-Delta,33,1
2024-11-01,DE04-5006-JZ,FID-DE-04,PL-Delta,32,1
2024-12-01,DE04-5006-JZ,FID-DE-04,PL-Delta,33,1
2022-01-01,DE05-9700-GU,FID-DE-05,PL-Delta,44,1
2022-02-01,DE05-9700-GU,FID-DE-05,PL-Delta,33,1
2022-03-01,DE05-9700-GU,FID-DE-05,PL-Delta,34,1
2022-04-01,DE05-9700-GU,FID-DE-05,PL-Delta,40,1
2022-05-01,DE05-9700-GU,FID-DE-05,PL-Delta,34,1
2022-06-01,DE05-9700-GU,FID-DE-05,PL-Delta,46,1
2022-07-01,DE05-9700-GU,FID-DE-05,PL-Delta,37,1
2022-08-01,DE05-9700-GU,FID-DE-05,PL-Delta,59,1
2022-09-01,DE05-9700-GU,FID-DE-05,PL-Delta,40,1
2022-10-01,DE05-9700-GU,FID-DE-05,PL-Delta,44,1
2022-11-01,DE05-9700-GU,FID-DE-05,PL-Delta,36,1
2022-12-01,DE05-9700-GU,FID-DE-05,PL-Delta,54,1
2023-01-01,DE05-9700-GU,FID-DE-05,PL-Delta,65,1
2023-02-01,DE05-9700-GU,FID-DE-05,PL-Delta,47,1
2023-03-01,DE05-9700-GU,FID-DE-05,PL-Delta,38,1
2023-04-01,DE05-9700-GU,FID-DE-05,PL-Delta,48,1
2023-05-01,DE05-9700-GU,FID-DE-05,PL-Delta,40,1
2023-06-01,DE05-9700-GU,FID-DE-05,PL-Delta,56,1
2023-07-01,DE05-9700-GU,FID-DE-05,PL-Delta,53,1
2023-08-01,DE05-9700-GU,FID-DE-05,PL-Delta,49,1
2023-09-01,DE05-9700-GU,FID-DE-05,PL-Delta,35,1
2023-10-01,DE05-9700-GU,FID-DE-05,PL-Delta,44,1
2023-11-01,DE05-9700-GU,FID-DE-05,PL-Delta,54,1
2023-12-01,DE05-9700-GU,FID-DE-05,PL-Delta,58,1
2024-01-01,DE05-9700-GU,FID-DE-05,PL-Delta,71,1
2024-02-01,DE05-9700-GU,FID-DE-05,PL-Delta,42,1
2024-03-01,DE05-9700-GU,FID-DE-05,PL-Delta,54,1
2024-04-01,DE05-9700-GU,FID-DE-05,PL-Delta,58,1
2024-05-01,DE05-9700-GU,FID-DE-05,PL-Delta,43,1
2024-06-01,DE05-9700-GU,FID-DE-05,PL-Delta,53,1
2024-07-01,DE05-2506-LK,FID-DE-05,PL-Delta,56,1
2024-08-01,DE05-2506-LK,FID-DE-05,PL-Delta,53,1
2024-09-01,DE05-2506-LK,FID-DE-05,PL-Delta,44,1
2024-10-01,DE05-2506-LK,FID-DE-05,PL-Delta,54,1
2024-11-01,DE05-2506-LK,FID-DE-05,PL-Delta,54,1
2024-12-01,DE05-2506-LK,FID-DE-05,PL-Delta,56,1
2022-01-01,DE06-2144-YZ,FID-DE-06,PL-Delta,134,1
2022-02-01,DE06-2144-YZ,FID-DE-06,PL-Delta,138,1
2022-03-01,DE06-2144-YZ,FID-DE-06,PL-Delta,129,1
2022-04-01,DE06-2144-YZ,FID-DE-06,PL-Delta,130,1
2022-05-01,DE06-2144-YZ,FID-DE-06,PL-Delta,148,1
2022-06-01,DE06-2144-YZ,FID-DE-06,PL-Delta,91,1
2022-07-01,DE06-2144-YZ,FID-DE-06,PL-Delta,91,1
2022-08-01,DE06-2144-YZ,FID-DE-06,PL-Delta,134,1
2022-09-01,DE06-2144-YZ,FID-DE-06,PL-Delta,129,1
2022-10-01,DE06-2144-YZ,FID-DE-06,PL-Delta,132,1
2022-11-01,DE06-2144-YZ,FID-DE-06,PL-Delta,120,1
2022-12-01,DE06-2144-YZ,FID-DE-06,PL-Delta,142,1
2023-01-01,DE06-2144-YZ,FID-DE-06,PL-Delta,183,1
2023-02-01,DE06-2144-YZ,FID-DE-06,PL-Delta,138,1
2023-03-01,DE06-2144-YZ,FID-DE-06,PL-Delta,124,1
2023-04-01,DE06-2144-YZ,FID-DE-06,PL-Delta,88,1
2023-05-01,DE06-2144-YZ,FID-DE-06,PL-Delta,144,1
2023-06-01,DE06-2144-YZ,FID-DE-06,PL-Delta,153,1
2023-07-01,DE06-4870-OS,FID-DE-06,PL-Delta,141,1
2023-08-01,DE06-4870-OS,FID-DE-06,PL-Delta,112,1
2023-09-01,DE06-4870-OS,FID-DE-06,PL-Delta,142,1
2023-10-01,DE06-4870-OS,FID-DE-06,PL-Delta,146,1
2023-11-01,DE06-4870-OS,FID-DE-06,PL-Delta,159,1
2023-12-01,DE06-4870-OS,FID-DE-06,PL-Delta,112,1
2024-01-01,DE06-4870-OS,FID-DE-06,PL-Delta,170,1
2024-02-01,DE06-4870-OS,FID-DE-06,PL-Delta,143,1
2024-03-01,DE06-4870-OS,FID-DE-06,PL-Delta,130,1
2024-04-01,DE06-4870-OS,FID-DE-06,PL-Delta,107,1
2024-05-01,DE06-4870-OS,FID-DE-06,PL-Delta,137,1
2024-06-01,DE06-4870-OS,FID-DE-06,PL-Delta,140,1
2024-07-01,DE06-4870-OS,FID-DE-06,PL-Delta,131,1
2024-08-01,DE06-4870-OS,FID-DE-06,PL-Delta,133,1
2024-09-01,DE06-4870-OS,FID-DE-06,PL-Delta,124,1
2024-10-01,DE06-4870-OS,FID-DE-06,PL-Delta,158,1
2024-11-01,DE06-4870-OS,FID-DE-06,PL-Delta,112,1
2024-12-01,DE06-4870-OS,FID-DE-06,PL-Delta,118,1
2022-01-01,DE07-5892-EH,FID-DE-07,PL-Delta,124,1
2022-02-01,DE07-5892-EH,FID-DE-07,PL-Delta,106,1
2022-03-01,DE07-5892-EH,FID-DE-07,PL-Delta,124,1
2022-04-01,DE07-5892-EH,FID-DE-07,PL-Delta,103,1
2022-05-01,DE07-6795-ZP,FID-DE-07,PL-Delta,119,1
2022-06-01,DE07-6795-ZP,FID-DE-07,PL-Delta,111,1
2022-07-01,DE07-6795-ZP,FID-DE-07,PL-Delta,128,1
2022-08-01,DE07-6795-ZP,FID-DE-07,PL-Delta,126,1
2022-09-01,DE07-6795-ZP,FID-DE-07,PL-Delta,107,1
2022-10-01,DE07-6795-ZP,FID-DE-07,PL-Delta,117,1
2022-11-01,DE07-6795-ZP,FID-DE-07,PL-Delta,138,1
2022-12-01,DE07-6795-ZP,FID-DE-07,PL-Delta,129,1
2023-01-01,DE07-6795-ZP,FID-DE-07,PL-Delta,127,1
2023-02-01,DE07-3228-OT,FID-DE-07,PL-Delta,135,1
2023-03-01,DE07-3228-OT,FID-DE-07,PL-Delta,107,1
2023-04-01,DE07-3228-OT,FID-DE-07,PL-Delta,150,1
2023-05-01,DE07-3228-OT,FID-DE-07,PL-Delta,144,1
2023-06-01,DE07-3228-OT,FID-DE-07,PL-Delta,133,1
2023-07-01,DE07-3228-OT,FID-DE-07,PL-Delta,132,1
2023-08-01,DE07-3228-OT,FID-DE-07,PL-Delta,127,1
2023-09-01,DE07-3228-OT,FID-DE-07,PL-Delta,142,1
2023-10-01,DE07-3228-OT,FID-DE-07,PL-Delta,126,1
2023-11-01,DE07-3228-OT,FID-DE-07,PL-Delta,137,1
2023-12-01,DE07-3228-OT,FID-DE-07,PL-Delta,149,1
2024-01-01,DE07-3228-OT,FID-DE-07,PL-Delta,165,1
2024-02-01,DE07-3228-OT,FID-DE-07,PL-Delta,126,1
2024-03-01,DE07-3228-OT,FID-DE-07,PL-Delta,117,1
2024-04-01,DE07-3228-OT,FID-DE-07,PL-Delta,120,1
2024-05-01,DE07-3228-OT,FID-DE-07,PL-Delta,109,1
2024-06-01,DE07-3228-OT,FID-DE-07,PL-Delta,152,1
2024-07-01,DE07-3228-OT,FID-DE-07,PL-Delta,171,1
2024-08-01,DE07-3228-OT,FID-DE-07,PL-Delta,166,1
2024-09-01,DE07-3228-OT,FID-DE-07,PL-Delta,116,1
2024-10-01,DE07-3228-OT,FID-DE-07,PL-Delta,156,1
2024-11-01,DE07-3228-OT,FID-DE-07,PL-Delta,169,1
2024-12-01,DE07-3228-OT,FID-DE-07,PL-Delta,138,1
2022-01-01,DE08-2975-BP,FID-DE-08,PL-Delta,185,1
2022-02-01,DE08-2975-BP,FID-DE-08,PL-Delta,107,1
2022-03-01,DE08-2975-BP,FID-DE-08,PL-Delta,153,1
2022-04-01,DE08-2975-BP,FID-DE-08,PL-Delta,146,1
2022-05-01,DE08-7553-NW,FID-DE-08,PL-Delta,123,1
2022-06-01,DE08-7553-NW,FID-DE-08,PL-Delta,171,1
2022-07-01,DE08-7553-NW,FID-DE-08,PL-Delta,150,1
2022-08-01,DE08-7553-NW,FID-DE-08,PL-Delta,136,1
2022-09-01,DE08-7553-NW,FID-DE-08,PL-Delta,149,1
2022-10-01,DE08-7553-NW,FID-DE-08,PL-Delta,188,1
2022-11-01,DE08-7553-NW,FID-DE-08,PL-Delta,177,1
2022-12-01,DE08-7553-NW,FID-DE-08,PL-Delta,160,1
2023-01-01,DE08-7553-NW,FID-DE-08,PL-Delta,214,1
2023-02-01,DE08-5174-EY,FID-DE-08,PL-Delta,137,1
2023-03-01,DE08-5174-EY,FID-DE-08,PL-Delta,166,1
2023-04-01,DE08-5174-EY,FID-DE-08,PL-Delta,169,1
2023-05-01,DE08-5174-EY,FID-DE-08,PL-Delta,155,1
2023-06-01,DE08-5174-EY,FID-DE-08,PL-Delta,177,1
2023-07-01,DE08-5174-EY,FID-DE-08,PL-Delta,149,1
2023-08-01,DE08-5174-EY,FID-DE-08,PL-Delta,180,1
2023-09-01,DE08-5174-EY,FID-DE-08,PL-Delta,181,1
2023-10-01,DE08-5174-EY,FID-DE-08,PL-Delta,99,1
2023-11-01,DE08-5174-EY,FID-DE-08,PL-Delta,197,1
2023-12-01,DE08-5174-EY,FID-DE-08,PL-Delta,97,1
2024-01-01,DE08-5174-EY,FID-DE-08,PL-Delta,202,1
2024-02-01,DE08-5174-EY,FID-DE-08,PL-Delta,195,1
2024-03-01,DE08-5174-EY,FID-DE-08,PL-Delta,163,1
2024-04-01,DE08-5174-EY,FID-DE-08,PL-Delta,137,1
2024-05-01,DE08-5174-EY,FID-DE-08,PL-Delta,146,1
2024-06-01,DE08-5174-EY,FID-DE-08,PL-Delta,197,1
2024-07-01,DE08-5174-EY,FID-DE-08,PL-Delta,127,1
2024-08-01,DE08-6337-CE,FID-DE-08,PL-Delta,200,1
2024-09-01,DE08-6337-CE,FID-DE-08,PL-Delta,173,1
2024-10-01,DE08-6337-CE,FID-DE-08,PL-Delta,146,1
2024-11-01,DE08-6337-CE,FID-DE-08,PL-Delta,161,1
2024-12-01,DE08-6337-CE,FID-DE-08,PL-Delta,151,1
2022-01-01,DE09-3957-PR,FID-DE-09,PL-Delta,36,1
2022-02-01,DE09-3957-PR,FID-DE-09,PL-Delta,25,1
2022-03-01,DE09-3957-PR,FID-DE-09,PL-Delta,23,1
2022-04-01,DE09-3957-PR,FID-DE-09,PL-Delta,28,1
2022-05-01,DE09-3957-PR,FID-DE-09,PL-Delta,23,1
2022-06-01,DE09-3957-PR,FID-DE-09,PL-Delta,19,1
2022-07-01,DE09-3957-PR,FID-DE-09,PL-Delta,26,1
2022-08-01,DE09-3957-PR,FID-DE-09,PL-Delta,20,1
2022-09-01,DE09-3957-PR,FID-DE-09,PL-Delta,25,1
2022-10-01,DE09-3957-PR,FID-DE-09,PL-Delta,24,1
2022-11-01,DE09-3957-PR,FID-DE-09,PL-Delta,24,1
2022-12-01,DE09-3957-PR,FID-DE-09,PL-Delta,36,1
2023-01-01,DE09-3957-PR,FID-DE-09,PL-Delta,36,1
2023-02-01,DE09-3957-PR,FID-DE-09,PL-Delta,29,1
2023-03-01,DE09-6861-GD,FID-DE-09,PL-Delta,21,1
2023-04-01,DE09-6861-GD,FID-DE-09,PL-Delta,25,1
2023-05-01,DE09-6861-GD,FID-DE-09,PL-Delta,29,1
2023-06-01,DE09-6861-GD,FID-DE-09,PL-Delta,24,1
2023-07-01,DE09-6861-GD,FID-DE-09,PL-Delta,32,1
2023-08-01,DE09-6861-GD,FID-DE-09,PL-Delta,23,1
2023-09-01,DE09-6861-GD,FID-DE-09,PL-Delta,27,1
2023-10-01,DE09-6861-GD,FID-DE-09,PL-Delta,26,1
2023-11-01,DE09-6861-GD,FID-DE-09,PL-Delta,29,1
2023-12-01,DE09-6861-GD,FID-DE-09,PL-Delta,25,1
2024-01-01,DE09-6861-GD,FID-DE-09,PL-Delta,37,1
2024-02-01,DE09-6861-GD,FID-DE-09,PL-Delta,27,1
2024-03-01,DE09-6861-GD,FID-DE-09,PL-Delta,25,1
2024-04-01,DE09-6861-GD,FID-DE-09,PL-Delta,30,1
2024-05-01,DE09-6861-GD,FID-DE-09,PL-Delta,29,1
2024-06-01,DE09-6861-GD,FID-DE-09,PL-Delta,28,1
2024-07-01,DE09-6861-GD,FID-DE-09,PL-Delta,26,1
2024-08-01,DE09-6861-GD,FID-DE-09,PL-Delta,31,1
2024-09-01,DE09-6861-GD,FID-DE-09,PL-Delta,27,1
2024-10-01,DE09-6861-GD,FID-DE-09,PL-Delta,27,1
2024-11-01,DE09-6861-GD,FID-DE-09,PL-Delta,28,1
2024-12-01,DE09-6861-GD,FID-DE-09,PL-Delta,35,1
2022-01-01,DE10-1816-XG,FID-DE-10,PL-Delta,35,1
2022-02-01,DE10-1816-XG,FID-DE-10,PL-Delta,30,1
2022-03-01,DE10-1816-XG,FID-DE-10,PL-Delta,29,1
2022-04-01,DE10-1816-XG,FID-DE-10,PL-Delta,26,1
2022-05-01,DE10-1816-XG,FID-DE-10,PL-Delta,29,1
2022-06-01,DE10-5929-PQ,FID-DE-10,PL-Delta,31,1
2022-07-01,DE10-5929-PQ,FID-DE-10,PL-Delta,27,1
2022-08-01,DE10-5929-PQ,FID-DE-10,PL-Delta,26,1
2022-09-01,DE10-5929-PQ,FID-DE-10,PL-Delta,24,1
2022-10-01,DE10-5929-PQ,FID-DE-10,PL-Delta,32,1
2022-11-01,DE10-5929-PQ,FID-DE-10,PL-Delta,32,1
2022-12-01,DE10-5929-PQ,FID-DE-10,PL-Delta,31,1
2023-01-01,DE10-5929-PQ,FID-DE-10,PL-Delta,43,1
2023-02-01,DE10-5929-PQ,FID-DE-10,PL-Delta,30,1
2023-03-01,DE10-5929-PQ,FID-DE-10,PL-Delta,32,1
2023-04-01,DE10-5929-PQ,FID-DE-10,PL-Delta,31,1
2023-05-01,DE10-5929-PQ,FID-DE-10,PL-Delta,30,1
2023-06-01,DE10-5929-PQ,FID-DE-10,PL-Delta,28,1
2023-07-01,DE10-5929-PQ,FID-DE-10,PL-Delta,40,1
2023-08-01,DE10-5929-PQ,FID-DE-10,PL-Delta,28,1
2023-09-01,DE10-5929-PQ,FID-DE-10,PL-Delta,27,1
2023-10-01,DE10-5929-PQ,FID-DE-10,PL-Delta,32,1
2023-11-01,DE10-5929-PQ,FID-DE-10,PL-Delta,31,1
2023-12-01,DE10-5929-PQ,FID-DE-10,PL-Delta,24,1
2024-01-01,DE10-5929-PQ,FID-DE-10,PL-Delta,43,1
2024-02-01,DE10-5929-PQ,FID-DE-10,PL-Delta,30,1
2024-03-01,DE10-5929-PQ,FID-DE-10,PL-Delta,25,1
2024-04-01,DE10-5929-PQ,FID-DE-10,PL-Delta,35,1
2024-05-01,DE10-5929-PQ,FID-DE-10,PL-Delta,33,1
2024-06-01,DE10-5929-PQ,FID-DE-10,PL-Delta,24,1
2024-07-01,DE10-5929-PQ,FID-DE-10,PL-Delta,38,1
2024-08-01,DE10-5929-PQ,FID-DE-10,PL-Delta,33,1
2024-09-01,DE10-5929-PQ,FID-DE-10,PL-Delta,30,1
2024-10-01,DE10-5929-PQ,FID-DE-10,PL-Delta,37,1
2024-11-01,DE10-5929-PQ,FID-DE-10,PL-Delta,31,1
2024-12-01,DE10-5929-PQ,FID-DE-10,PL-Delta,30,1
2022-01-01,DE11-5397-KP,FID-DE-11,PL-Delta,14,1
2022-02-01,DE11-5397-KP,FID-DE-11,PL-Delta,10,1
2022-03-01,DE11-5397-KP,FID-DE-11,PL-Delta,11,1
2022-04-01,DE11-5397-KP,FID-DE-11,PL-Delta,15,1
2022-05-01,DE11-5397-KP,FID-DE-11,PL-Delta,11,1
2022-06-01,DE11-5397-KP,FID-DE-11,PL-Delta,16,1
2022-07-01,DE11-5397-KP,FID-DE-11,PL-Delta,16,1
2022-08-01,DE11-5397-KP,FID-DE-11,PL-Delta,20,1
2022-09-01,DE11-5397-KP,FID-DE-11,PL-Delta,18,1
2022-10-01,DE11-5397-KP,FID-DE-11,PL-Delta,21,1
2022-11-01,DE11-5397-KP,FID-DE-11,PL-Delta,20,1
2022-12-01,DE11-5397-KP,FID-DE-11,PL-Delta,22,1
2023-01-01,DE11-5397-KP,FID-DE-11,PL-Delta,29,1
2023-02-01,DE11-5397-KP,FID-DE-11,PL-Delta,23,1
2023-03-01,DE11-5397-KP,FID-DE-11,PL-Delta,27,1
2023-04-01,DE11-5397-KP,FID-DE-11,PL-Delta,24,1
2023-05-01,DE11-5397-KP,FID-DE-11,PL-Delta,27,1
2023-06-01,DE11-5397-KP,FID-DE-11,PL-Delta,30,1
2023-07-01,DE11-5397-KP,FID-DE-11,PL-Delta,30,1
2023-08-01,DE11-5397-KP,FID-DE-11,PL-Delta,33,1
2023-09-01,DE11-5397-KP,FID-DE-11,PL-Delta,30,1
2023-10-01,DE11-5397-KP,FID-DE-11,PL-Delta,30,1
2023-11-01,DE11-5397-KP,FID-DE-11,PL-Delta,31,1
2023-12-01,DE11-4073-NY,FID-DE-11,PL-Delta,35,1
2024-01-01,DE11-4073-NY,FID-DE-11,PL-Delta,39,1
2024-02-01,DE11-4073-NY,FID-DE-11,PL-Delta,36,1
2024-03-01,DE11-4073-NY,FID-DE-11,PL-Delta,35,1
2024-04-01,DE11-4073-NY,FID-DE-11,PL-Delta,39,1
2024-05-01,DE11-4073-NY,FID-DE-11,PL-Delta,37,1
2024-06-01,DE11-4073-NY,FID-DE-11,PL-Delta,42,1
2024-07-01,DE11-4073-NY,FID-DE-11,PL-Delta,46,1
2024-08-01,DE11-5740-FS,FID-DE-11,PL-Delta,43,1
2024-09-01,DE11-5740-FS,FID-DE-11,PL-Delta,44,1
2024-10-01,DE11-5740-FS,FID-DE-11,PL-Delta,43,1
2024-11-01,DE11-5740-FS,FID-DE-11,PL-Delta,42,1
2024-12-01,DE11-5740-FS,FID-DE-11,PL-Delta,45,1
2022-01-01,DE12-8192-GK,FID-DE-12,PL-Delta,143,1
2022-02-01,DE12-8192-GK,FID-DE-12,PL-Delta,107,1
2022-03-01,DE12-8192-GK,FID-DE-12,PL-Delta,105,1
2022-04-01,DE12-8192-GK,FID-DE-12,PL-Delta,89,1
2022-05-01,DE12-8192-GK,FID-DE-12,PL-Delta,81,1
2022-06-01,DE12-8192-GK,FID-DE-12,PL-Delta,110,1
2022-07-01,DE12-8192-GK,FID-DE-12,PL-Delta,116,1
2022-08-01,DE12-8192-GK,FID-DE-12,PL-Delta,95,1
2022-09-01,DE12-8192-GK,FID-DE-12,PL-Delta,116,1
2022-10-01,DE12-8192-GK,FID-DE-12,PL-Delta,119,1
2022-11-01,DE12-8192-GK,FID-DE-12,PL-Delta,84,1
2022-12-01,DE12-8192-GK,FID-DE-12,PL-Delta,105,1
2023-01-01,DE12-8192-GK,FID-DE-12,PL-Delta,163,1
2023-02-01,DE12-8192-GK,FID-DE-12,PL-Delta,128,1
2023-03-01,DE12-8192-GK,FID-DE-12,PL-Delta,104,1
2023-04-01,DE12-8192-GK,FID-DE-12,PL-Delta,127,1
2023-05-01,DE12-8192-GK,FID-DE-12,PL-Delta,142,1
2023-06-01,DE12-8192-GK,FID-DE-12,PL-Delta,139,1
2023-07-01,DE12-8192-GK,FID-DE-12,PL-Delta,125,1
2023-08-01,DE12-8192-GK,FID-DE-12,PL-Delta,120,1
2023-09-01,DE12-8192-GK,FID-DE-12,PL-Delta,119,1
2023-10-01,DE12-8192-GK,FID-DE-12,PL-Delta,138,1
2023-11-01,DE12-8224-RH,FID-DE-12,PL-Delta,134,1
2023-12-01,DE12-8224-RH,FID-DE-12,PL-Delta,142,1
2024-01-01,DE12-8224-RH,FID-DE-12,PL-Delta,157,1
2024-02-01,DE12-8224-RH,FID-DE-12,PL-Delta,147,1
2024-03-01,DE12-8224-RH,FID-DE-12,PL-Delta,137,1
2024-04-01,DE12-8224-RH,FID-DE-12,PL-Delta,149,1
2024-05-01,DE12-8224-RH,FID-DE-12,PL-Delta,151,1
2024-06-01,DE12-8224-RH,FID-DE-12,PL-Delta,125,1
2024-07-01,DE12-8224-RH,FID-DE-12,PL-Delta,109,1
2024-08-01,DE12-8224-RH,FID-DE-12,PL-Delta,165,1
2024-09-01,DE12-8224-RH,FID-DE-12,PL-Delta,145,1
2024-10-01,DE12-8224-RH,FID-DE-12,PL-Delta,114,1
2024-11-01,DE12-8224-RH,FID-DE-12,PL-Delta,131,1
2024-12-01,DE12-8224-RH,FID-DE-12,PL-Delta,157,1
2022-01-01,GA01-3655-WV,FID-GA-01,PL-Gamma,315,1
2022-02-01,GA01-3655-WV,FID-GA-01,PL-Gamma,205,1
2022-03-01,GA01-3655-WV,FID-GA-01,PL-Gamma,214,1
2022-04-01,GA01-3655-WV,FID-GA-01,PL-Gamma,207,1
2022-05-01,GA01-3655-WV,FID-GA-01,PL-Gamma,217,1
2022-06-01,GA01-3655-WV,FID-GA-01,PL-Gamma,200,1
2022-07-01,GA01-3655-WV,FID-GA-01,PL-Gamma,250,1
2022-08-01,GA01-3655-WV,FID-GA-01,PL-Gamma,193,1
2022-09-01,GA01-3655-WV,FID-GA-01,PL-Gamma,242,1
2022-10-01,GA01-3655-WV,FID-GA-01,PL-Gamma,190,1
2022-11-01,GA01-3655-WV,FID-GA-01,PL-Gamma,208,1
2022-12-01,GA01-3655-WV,FID-GA-01,PL-Gamma,179,1
2023-01-01,GA01-3655-WV,FID-GA-01,PL-Gamma,285,1
2023-02-01,GA01-3655-WV,FID-GA-01,PL-Gamma,256,1
2023-03-01,GA01-3655-WV,FID-GA-01,PL-Gamma,212,1
2023-04-01,GA01-3655-WV,FID-GA-01,PL-Gamma,209,1
2023-05-01,GA01-3655-WV,FID-GA-01,PL-Gamma,183,1
2023-06-01,GA01-3655-WV,FID-GA-01,PL-Gamma,210,1
2023-07-01,GA01-7174-HB,FID-GA-01,PL-Gamma,170,1
2023-08-01,GA01-7174-HB,FID-GA-01,PL-Gamma,192,1
2023-09-01,GA01-7174-HB,FID-GA-01,PL-Gamma,227,1
2023-10-01,GA01-7174-HB,FID-GA-01,PL-Gamma,261,1
2023-11-01,GA01-7174-HB,FID-GA-01,PL-Gamma,306,1
2023-12-01,GA01-7174-HB,FID-GA-01,PL-Gamma,205,1
2024-01-01,GA01-7174-HB,FID-GA-01,PL-Gamma,325,1
2024-02-01,GA01-7174-HB,FID-GA-01,PL-Gamma,232,1
2024-03-01,GA01-7174-HB,FID-GA-01,PL-Gamma,221,1
2024-04-01,GA01-7174-HB,FID-GA-01,PL-Gamma,240,1
2024-05-01,GA01-7174-HB,FID-GA-01,PL-Gamma,230,1
2024-06-01,GA01-7174-HB,FID-GA-01,PL-Gamma,232,1
2024-07-01,GA01-7174-HB,FID-GA-01,PL-Gamma,218,1
2024-08-01,GA01-7174-HB,FID-GA-01,PL-Gamma,189,1
2024-09-01,GA01-7174-HB,FID-GA-01,PL-Gamma,186,1
2024-10-01,GA01-7174-HB,FID-GA-01,PL-Gamma,253,1
2024-11-01,GA01-7174-HB,FID-GA-01,PL-Gamma,226,1
2024-12-01,GA01-7174-HB,FID-GA-01,PL-Gamma,217,1
2022-01-01,GA02-7639-WY,FID-GA-02,PL-Gamma,198,1
2022-02-01,GA02-7639-WY,FID-GA-02,PL-Gamma,154,1
2022-03-01,GA02-7639-WY,FID-GA-02,PL-Gamma,159,1
2022-04-01,GA02-7639-WY,FID-GA-02,PL-Gamma,157,1
2022-05-01,GA02-7639-WY,FID-GA-02,PL-Gamma,146,1
2022-06-01,GA02-6287-CM,FID-GA-02,PL-Gamma,146,1
2022-07-01,GA02-6287-CM,FID-GA-02,PL-Gamma,144,1
2022-08-01,GA02-6287-CM,FID-GA-02,PL-Gamma,112,1
2022-09-01,GA02-6287-CM,FID-GA-02,PL-Gamma,148,1
2022-10-01,GA02-6287-CM,FID-GA-02,PL-Gamma,107,1
2022-11-01,GA02-6287-CM,FID-GA-02,PL-Gamma,118,1
2022-12-01,GA02-6287-CM,FID-GA-02,PL-Gamma,160,1
2023-01-01,GA02-6287-CM,FID-GA-02,PL-Gamma,192,1
2023-02-01,GA02-6287-CM,FID-GA-02,PL-Gamma,164,1
2023-03-01,GA02-6287-CM,FID-GA-02,PL-Gamma,129,1
2023-04-01,GA02-3316-BT,FID-GA-02,PL-Gamma,111,1
2023-05-01,GA02-3316-BT,FID-GA-02,PL-Gamma,129,1
2023-06-01,GA02-3316-BT,FID-GA-02,PL-Gamma,136,1
2023-07-01,GA02-3316-BT,FID-GA-02,PL-Gamma,136,1
2023-08-01,GA02-3316-BT,FID-GA-02,PL-Gamma,157,1
2023-09-01,GA02-3316-BT,FID-GA-02,PL-Gamma,127,1
2023-10-01,GA02-3316-BT,FID-GA-02,PL-Gamma,141,1
2023-11-01,GA02-3316-BT,FID-GA-02,PL-Gamma,114,1
2023-12-01,GA02-3316-BT,FID-GA-02,PL-Gamma,143,1
2024-01-01,GA02-3316-BT,FID-GA-02,PL-Gamma,163,1
2024-02-01,GA02-3316-BT,FID-GA-02,PL-Gamma,119,1
2024-03-01,GA02-3316-BT,FID-GA-02,PL-Gamma,129,1
2024-04-01,GA02-3316-BT,FID-GA-02,PL-Gamma,130,1
2024-05-01,GA02-3316-BT,FID-GA-02,PL-Gamma,129,1
2024-06-01,GA02-3316-BT,FID-GA-02,PL-Gamma,170,1
2024-07-01,GA02-3316-BT,FID-GA-02,PL-Gamma,132,1
2024-08-01,GA02-3316-BT,FID-GA-02,PL-Gamma,129,1
2024-09-01,GA02-3316-BT,FID-GA-02,PL-Gamma,92,1
2024-10-01,GA02-3316-BT,FID-GA-02,PL-Gamma,116,1
2024-11-01,GA02-3316-BT,FID-GA-02,PL-Gamma,129,1
2024-12-01,GA02-3316-BT,FID-GA-02,PL-Gamma,120,1
2022-01-01,GA03-5053-TD,FID-GA-03,PL-Gamma,50,1
2022-02-01,GA03-5053-TD,FID-GA-03,PL-Gamma,45,1
2022-03-01,GA03-5053-TD,FID-GA-03,PL-Gamma,49,1
2022-04-01,GA03-5053-TD,FID-GA-03,PL-Gamma,54,1
2022-05-01,GA03-5053-TD,FID-GA-03,PL-Gamma,53,1
2022-06-01,GA03-5053-TD,FID-GA-03,PL-Gamma,48,1
2022-07-01,GA03-5053-TD,FID-GA-03,PL-Gamma,58,1
2022-08-01,GA03-6076-MO,FID-GA-03,PL-Gamma,59,1
2022-09-01,GA03-6076-MO,FID-GA-03,PL-Gamma,53,1
2022-10-01,GA03-6076-MO,FID-GA-03,PL-Gamma,59,1
2022-11-01,GA03-6076-MO,FID-GA-03,PL-Gamma,55,1
2022-12-01,GA03-6076-MO,FID-GA-03,PL-Gamma,49,1
2023-01-01,GA03-6076-MO,FID-GA-03,PL-Gamma,73,1
2023-02-01,GA03-6076-MO,FID-GA-03,PL-Gamma,55,1
2023-03-01,GA03-6076-MO,FID-GA-03,PL-Gamma,55,1
2023-04-01,GA03-6076-MO,FID-GA-03,PL-Gamma,66,1
2023-05-01,GA03-6076-MO,FID-GA-03,PL-Gamma,38,1
2023-06-01,GA03-6076-MO,FID-GA-03,PL-Gamma,46,1
2023-07-01,GA03-6753-GW,FID-GA-03,PL-Gamma,48,1
2023-08-01,GA03-6753-GW,FID-GA-03,PL-Gamma,55,1
2023-09-01,GA03-6753-GW,FID-GA-03,PL-Gamma,56,1
2023-10-01,GA03-6753-GW,FID-GA-03,PL-Gamma,48,1
2023-11-01,GA03-6753-GW,FID-GA-03,PL-Gamma,52,1
2023-12-01,GA03-6753-GW,FID-GA-03,PL-Gamma,53,1
2024-01-01,GA03-6753-GW,FID-GA-03,PL-Gamma,91,1
2024-02-01,GA03-6753-GW,FID-GA-03,PL-Gamma,73,1
2024-03-01,GA03-6753-GW,FID-GA-03,PL-Gamma,58,1
2024-04-01,GA03-6753-GW,FID-GA-03,PL-Gamma,59,1
2024-05-01,GA03-6753-GW,FID-GA-03,PL-Gamma,54,1
2024-06-01,GA03-6753-GW,FID-GA-03,PL-Gamma,49,1
2024-07-01,GA03-6753-GW,FID-GA-03,PL-Gamma,62,1
2024-08-01,GA03-6753-GW,FID-GA-03,PL-Gamma,56,1
2024-09-01,GA03-6753-GW,FID-GA-03,PL-Gamma,63,1
2024-10-01,GA03-6753-GW,FID-GA-03,PL-Gamma,53,1
2024-11-01,GA03-6753-GW,FID-GA-03,PL-Gamma,60,1
2024-12-01,GA03-6753-GW,FID-GA-03,PL-Gamma,67,1
2022-01-01,GA04-1397-LF,FID-GA-04,PL-Gamma,29,1
2022-02-01,GA04-1397-LF,FID-GA-04,PL-Gamma,22,1
2022-03-01,GA04-1397-LF,FID-GA-04,PL-Gamma,27,1
2022-04-01,GA04-1397-LF,FID-GA-04,PL-Gamma,25,1
2022-05-01,GA04-1397-LF,FID-GA-04,PL-Gamma,21,1
2022-06-01,GA04-1397-LF,FID-GA-04,PL-Gamma,24,1
2022-07-01,GA04-1397-LF,FID-GA-04,PL-Gamma,28,1
2022-08-01,GA04-1397-LF,FID-GA-04,PL-Gamma,28,1
2022-09-01,GA04-1397-LF,FID-GA-04,PL-Gamma,18,1
2022-10-01,GA04-1397-LF,FID-GA-04,PL-Gamma,19,1
2022-11-01,GA04-1397-LF,FID-GA-04,PL-Gamma,27,1
2022-12-01,GA04-1397-LF,FID-GA-04,PL-Gamma,19,1
2023-01-01,GA04-1397-LF,FID-GA-04,PL-Gamma,26,1
2023-02-01,GA04-1397-LF,FID-GA-04,PL-Gamma,20,1
2023-03-01,GA04-1397-LF,FID-GA-04,PL-Gamma,23,1
2023-04-01,GA04-1397-LF,FID-GA-04,PL-Gamma,22,1
2023-05-01,GA04-2889-OS,FID-GA-04,PL-Gamma,20,1
2023-06-01,GA04-2889-OS,FID-GA-04,PL-Gamma,20,1
2023-07-01,GA04-2889-OS,FID-GA-04,PL-Gamma,20,1
2023-08-01,GA04-2889-OS,FID-GA-04,PL-Gamma,19,1
2023-09-01,GA04-2889-OS,FID-GA-04,PL-Gamma,30,1
2023-10-01,GA04-2889-OS,FID-GA-04,PL-Gamma,23,1
2023-11-01,GA04-2889-OS,FID-GA-04,PL-Gamma,25,1
2023-12-01,GA04-2889-OS,FID-GA-04,PL-Gamma,20,1
2024-01-01,GA04-2889-OS,FID-GA-04,PL-Gamma,29,1
2024-02-01,GA04-2889-OS,FID-GA-04,PL-Gamma,20,1
2024-03-01,GA04-2889-OS,FID-GA-04,PL-Gamma,13,1
2024-04-01,GA04-2889-OS,FID-GA-04,PL-Gamma,17,1
2024-05-01,GA04-2889-OS,FID-GA-04,PL-Gamma,16,1
2024-06-01,GA04-2889-OS,FID-GA-04,PL-Gamma,15,1
2024-07-01,GA04-2889-OS,FID-GA-04,PL-Gamma,18,1
2024-08-01,GA04-2889-OS,FID-GA-04,PL-Gamma,26,1
2024-09-01,GA04-2889-OS,FID-GA-04,PL-Gamma,22,1
2024-10-01,GA04-2889-OS,FID-GA-04,PL-Gamma,26,1
2024-11-01,GA04-2889-OS,FID-GA-04,PL-Gamma,23,1
2024-12-01,GA04-2889-OS,FID-GA-04,PL-Gamma,25,1
2022-01-01,GA05-2633-FI,FID-GA-05,PL-Gamma,27,1
2022-02-01,GA05-2633-FI,FID-GA-05,PL-Gamma,17,1
2022-03-01,GA05-2633-FI,FID-GA-05,PL-Gamma,17,1
2022-04-01,GA05-2633-FI,FID-GA-05,PL-Gamma,21,1
2022-05-01,GA05-2633-FI,FID-GA-05,PL-Gamma,22,1
2022-06-01,GA05-2633-FI,FID-GA-05,PL-Gamma,19,1
2022-07-01,GA05-2633-FI,FID-GA-05,PL-Gamma,21,1
2022-08-01,GA05-2633-FI,FID-GA-05,PL-Gamma,23,1
2022-09-01,GA05-2633-FI,FID-GA-05,PL-Gamma,23,1
2022-10-01,GA05-2633-FI,FID-GA-05,PL-Gamma,26,1
2022-11-01,GA05-2633-FI,FID-GA-05,PL-Gamma,25,1
2022-12-01,GA05-2633-FI,FID-GA-05,PL-Gamma,18,1
2023-01-01,GA05-2633-FI,FID-GA-05,PL-Gamma,33,1
2023-02-01,GA05-2633-FI,FID-GA-05,PL-Gamma,19,1
2023-03-01,GA05-2633-FI,FID-GA-05,PL-Gamma,24,1
2023-04-01,GA05-2633-FI,FID-GA-05,PL-Gamma,21,1
2023-05-01,GA05-2633-FI,FID-GA-05,PL-Gamma,20,1
2023-06-01,GA05-2633-FI,FID-GA-05,PL-Gamma,15,1
2023-07-01,GA05-2633-FI,FID-GA-05,PL-Gamma,20,1
2023-08-01,GA05-2633-FI,FID-GA-05,PL-Gamma,16,1
2023-09-01,GA05-2633-FI,FID-GA-05,PL-Gamma,24,1
2023-10-01,GA05-2633-FI,FID-GA-05,PL-Gamma,26,1
2023-11-01,GA05-2633-FI,FID-GA-05,PL-Gamma,18,1
2023-12-01,GA05-2633-FI,FID-GA-05,PL-Gamma,22,1
2024-01-01,GA05-2633-FI,FID-GA-05,PL-Gamma,26,1
2024-02-01,GA05-2633-FI,FID-GA-05,PL-Gamma,19,1
2024-03-01,GA05-6375-ZQ,FID-GA-05,PL-Gamma,23,1
2024-04-01,GA05-6375-ZQ,FID-GA-05,PL-Gamma,21,1
2024-05-01,GA05-6375-ZQ,FID-GA-05,PL-Gamma,26,1
2024-06-01,GA05-6375-ZQ,FID-GA-05,PL-Gamma,19,1
2024-07-01,GA05-6375-ZQ,FID-GA-05,PL-Gamma,24,1
2024-08-01,GA05-6375-ZQ,FID-GA-05,PL-Gamma,21,1
2024-09-01,GA05-6375-ZQ,FID-GA-05,PL-Gamma,24,1
2024-10-01,GA05-6375-ZQ,FID-GA-05,PL-Gamma,20,1
2024-11-01,GA05-6375-ZQ,FID-GA-05,PL-Gamma,21,1
2024-12-01,GA05-6375-ZQ,FID-GA-05,PL-Gamma,21,1
2022-01-01,GA06-2065-LN,FID-GA-06,PL-Gamma,177,1
2022-02-01,GA06-2065-LN,FID-GA-06,PL-Gamma,138,1
2022-03-01,GA06-2065-LN,FID-GA-06,PL-Gamma,127,1
2022-04-01,GA06-2065-LN,FID-GA-06,PL-Gamma,173,1
2022-05-01,GA06-2065-LN,FID-GA-06,PL-Gamma,148,1
2022-06-01,GA06-2065-LN,FID-GA-06,PL-Gamma,138,1
2022-07-01,GA06-2065-LN,FID-GA-06,PL-Gamma,168,1
2022-08-01,GA06-8929-DF,FID-GA-06,PL-Gamma,99,1
2022-09-01,GA06-8929-DF,FID-GA-06,PL-Gamma,104,1
2022-10-01,GA06-8929-DF,FID-GA-06,PL-Gamma,162,1
2022-11-01,GA06-8929-DF,FID-GA-06,PL-Gamma,148,1
2022-12-01,GA06-8929-DF,FID-GA-06,PL-Gamma,153,1
2023-01-01,GA06-8929-DF,FID-GA-06,PL-Gamma,160,1
2023-02-01,GA06-8929-DF,FID-GA-06,PL-Gamma,150,1
2023-03-01,GA06-8929-DF,FID-GA-06,PL-Gamma,192,1
2023-04-01,GA06-8929-DF,FID-GA-06,PL-Gamma,169,1
2023-05-01,GA06-8929-DF,FID-GA-06,PL-Gamma,156,1
2023-06-01,GA06-8929-DF,FID-GA-06,PL-Gamma,145,1
2023-07-01,GA06-8929-DF,FID-GA-06,PL-Gamma,147,1
2023-08-01,GA06-8929-DF,FID-GA-06,PL-Gamma,112,1
2023-09-01,GA06-8929-DF,FID-GA-06,PL-Gamma,162,1
2023-10-01,GA06-8929-DF,FID-GA-06,PL-Gamma,175,1
2023-11-01,GA06-8929-DF,FID-GA-06,PL-Gamma,127,1
2023-12-01,GA06-8929-DF,FID-GA-06,PL-Gamma,146,1
2024-01-01,GA06-8929-DF,FID-GA-06,PL-Gamma,190,1
2024-02-01,GA06-8929-DF,FID-GA-06,PL-Gamma,142,1
2024-03-01,GA06-8929-DF,FID-GA-06,PL-Gamma,164,1
2024-04-01,GA06-8929-DF,FID-GA-06,PL-Gamma,121,1
2024-05-01,GA06-8929-DF,FID-GA-06,PL-Gamma,178,1
2024-06-01,GA06-8929-DF,FID-GA-06,PL-Gamma,181,1
2024-07-01,GA06-8929-DF,FID-GA-06,PL-Gamma,162,1
2024-08-01,GA06-8929-DF,FID-GA-06,PL-Gamma,117,1
2024-09-01,GA06-8929-DF,FID-GA-06,PL-Gamma,149,1
2024-10-01,GA06-8929-DF,FID-GA-06,PL-Gamma,195,1
2024-11-01,GA06-8929-DF,FID-GA-06,PL-Gamma,114,1
2024-12-01,GA06-8929-DF,FID-GA-06,PL-Gamma,165,1
2022-01-01,GA07-1042-IP,FID-GA-07,PL-Gamma,64,1
2022-02-01,GA07-1042-IP,FID-GA-07,PL-Gamma,56,1
2022-03-01,GA07-1042-IP,FID-GA-07,PL-Gamma,42,1
2022-04-01,GA07-1042-IP,FID-GA-07,PL-Gamma,64,1
2022-05-01,GA07-1042-IP,FID-GA-07,PL-Gamma,50,1
2022-06-01,GA07-1042-IP,FID-GA-07,PL-Gamma,53,1
2022-07-01,GA07-1042-IP,FID-GA-07,PL-Gamma,58,1
2022-08-01,GA07-8511-FF,FID-GA-07,PL-Gamma,47,1
2022-09-01,GA07-8511-FF,FID-GA-07,PL-Gamma,62,1
2022-10-01,GA07-8511-FF,FID-GA-07,PL-Gamma,69,1
2022-11-01,GA07-8511-FF,FID-GA-07,PL-Gamma,64,1
2022-12-01,GA07-8511-FF,FID-GA-07,PL-Gamma,51,1
2023-01-01,GA07-8511-FF,FID-GA-07,PL-Gamma,77,1
2023-02-01,GA07-8511-FF,FID-GA-07,PL-Gamma,71,1
2023-03-01,GA07-8511-FF,FID-GA-07,PL-Gamma,51,1
2023-04-01,GA07-8511-FF,FID-GA-07,PL-Gamma,59,1
2023-05-01,GA07-8511-FF,FID-GA-07,PL-Gamma,75,1
2023-06-01,GA07-8511-FF,FID-GA-07,PL-Gamma,71,1
2023-07-01,GA07-8511-FF,FID-GA-07,PL-Gamma,73,1
2023-08-01,GA07-8511-FF,FID-GA-07,PL-Gamma,86,1
2023-09-01,GA07-8511-FF,FID-GA-07,PL-Gamma,76,1
2023-10-01,GA07-8511-FF,FID-GA-07,PL-Gamma,78,1
2023-11-01,GA07-8511-FF,FID-GA-07,PL-Gamma,95,1
2023-12-01,GA07-8511-FF,FID-GA-07,PL-Gamma,73,1
2024-01-01,GA07-8511-FF,FID-GA-07,PL-Gamma,89,1
2024-02-01,GA07-9431-BQ,FID-GA-07,PL-Gamma,80,1
2024-03-01,GA07-9431-BQ,FID-GA-07,PL-Gamma,81,1
2024-04-01,GA07-9431-BQ,FID-GA-07,PL-Gamma,75,1
2024-05-01,GA07-9431-BQ,FID-GA-07,PL-Gamma,72,1
2024-06-01,GA07-9431-BQ,FID-GA-07,PL-Gamma,99,1
2024-07-01,GA07-9431-BQ,FID-GA-07,PL-Gamma,85,1
2024-08-01,GA07-9431-BQ,FID-GA-07,PL-Gamma,77,1
2024-09-01,GA07-9431-BQ,FID-GA-07,PL-Gamma,91,1
2024-10-01,GA07-9431-BQ,FID-GA-07,PL-Gamma,84,1
2024-11-01,GA07-9431-BQ,FID-GA-07,PL-Gamma,84,1
2024-12-01,GA07-9431-BQ,FID-GA-07,PL-Gamma,91,1
2022-01-01,GA08-9793-FX,FID-GA-08,PL-Gamma,163,1
2022-02-01,GA08-9793-FX,FID-GA-08,PL-Gamma,83,1
2022-03-01,GA08-9793-FX,FID-GA-08,PL-Gamma,126,1
2022-04-01,GA08-9793-FX,FID-GA-08,PL-Gamma,106,1
2022-05-01,GA08-9793-FX,FID-GA-08,PL-Gamma,118,1
2022-06-01,GA08-9793-FX,FID-GA-08,PL-Gamma,93,1
2022-07-01,GA08-9793-FX,FID-GA-08,PL-Gamma,134,1
2022-08-01,GA08-9793-FX,FID-GA-08,PL-Gamma,133,1
2022-09-01,GA08-9793-FX,FID-GA-08,PL-Gamma,128,1
2022-10-01,GA08-9793-FX,FID-GA-08,PL-Gamma,87,1
2022-11-01,GA08-9793-FX,FID-GA-08,PL-Gamma,126,1
2022-12-01,GA08-9793-FX,FID-GA-08,PL-Gamma,119,1
2023-01-01,GA08-9793-FX,FID-GA-08,PL-Gamma,116,1
2023-02-01,GA08-1365-WB,FID-GA-08,PL-Gamma,112,1
2023-03-01,GA08-1365-WB,FID-GA-08,PL-Gamma,118,1
2023-04-01,GA08-1365-WB,FID-GA-08,PL-Gamma,121,1
2023-05-01,GA08-1365-WB,FID-GA-08,PL-Gamma,115,1
2023-06-01,GA08-1365-WB,FID-GA-08,PL-Gamma,117,1
2023-07-01,GA08-1365-WB,FID-GA-08,PL-Gamma,137,1
2023-08-01,GA08-1365-WB,FID-GA-08,PL-Gamma,133,1
2023-09-01,GA08-1365-WB,FID-GA-08,PL-Gamma,64,1
2023-10-01,GA08-1365-WB,FID-GA-08,PL-Gamma,107,1
2023-11-01,GA08-3127-GR,FID-GA-08,PL-Gamma,109,1
2023-12-01,GA08-3127-GR,FID-GA-08,PL-Gamma,83,1
2024-01-01,GA08-3127-GR,FID-GA-08,PL-Gamma,146,1
2024-02-01,GA08-3127-GR,FID-GA-08,PL-Gamma,133,1
2024-03-01,GA08-3127-GR,FID-GA-08,PL-Gamma,94,1
2024-04-01,GA08-3127-GR,FID-GA-08,PL-Gamma,118,1
2024-05-01,GA08-3127-GR,FID-GA-08,PL-Gamma,97,1
2024-06-01,GA08-3127-GR,FID-GA-08,PL-Gamma,101,1
2024-07-01,GA08-3127-GR,FID-GA-08,PL-Gamma,137,1
2024-08-01,GA08-3127-GR,FID-GA-08,PL-Gamma,103,1
2024-09-01,GA08-3127-GR,FID-GA-08,PL-Gamma,120,1
2024-10-01,GA08-3127-GR,FID-GA-08,PL-Gamma,81,1
2024-11-01,GA08-3127-GR,FID-GA-08,PL-Gamma,143,1
2024-12-01,GA08-3127-GR,FID-GA-08,PL-Gamma,122,1
2022-01-01,GA09-6499-FD,FID-GA-09,PL-Gamma,96,1
2022-02-01,GA09-6499-FD,FID-GA-09,PL-Gamma,85,1
2022-03-01,GA09-6499-FD,FID-GA-09,PL-Gamma,77,1
2022-04-01,GA09-6499-FD,FID-GA-09,PL-Gamma,83,1
2022-05-01,GA09-6499-FD,FID-GA-09,PL-Gamma,72,1
2022-06-01,GA09-6499-FD,FID-GA-09,PL-Gamma,103,1
2022-07-01,GA09-6499-FD,FID-GA-09,PL-Gamma,59,1
2022-08-01,GA09-6499-FD,FID-GA-09,PL-Gamma,92,1
2022-09-01,GA09-6499-FD,FID-GA-09,PL-Gamma,93,1
2022-10-01,GA09-6499-FD,FID-GA-09,PL-Gamma,67,1
2022-11-01,GA09-1457-YO,FID-GA-09,PL-Gamma,103,1
2022-12-01,GA09-1457-YO,FID-GA-09,PL-Gamma,88,1
2023-01-01,GA09-1457-YO,FID-GA-09,PL-Gamma,107,1
2023-02-01,GA09-1457-YO,FID-GA-09,PL-Gamma,77,1
2023-03-01,GA09-1457-YO,FID-GA-09,PL-Gamma,74,1
2023-04-01,GA09-1457-YO,FID-GA-09,PL-Gamma,75,1
2023-05-01,GA09-1457-YO,FID-GA-09,PL-Gamma,82,1
2023-06-01,GA09-1457-YO,FID-GA-09,PL-Gamma,93,1
2023-07-01,GA09-1457-YO,FID-GA-09,PL-Gamma,79,1
2023-08-01,GA09-6380-MU,FID-GA-09,PL-Gamma,66,1
2023-09-01,GA09-6380-MU,FID-GA-09,PL-Gamma,87,1
2023-10-01,GA09-6380-MU,FID-GA-09,PL-Gamma,88,1
2023-11-01,GA09-6380-MU,FID-GA-09,PL-Gamma,85,1
2023-12-01,GA09-6380-MU,FID-GA-09,PL-Gamma,86,1
2024-01-01,GA09-6380-MU,FID-GA-09,PL-Gamma,98,1
2024-02-01,GA09-6380-MU,FID-GA-09,PL-Gamma,66,1
2024-03-01,GA09-6380-MU,FID-GA-09,PL-Gamma,67,1
2024-04-01,GA09-6380-MU,FID-GA-09,PL-Gamma,58,1
2024-05-01,GA09-6380-MU,FID-GA-09,PL-Gamma,80,1
2024-06-01,GA09-6380-MU,FID-GA-09,PL-Gamma,76,1
2024-07-01,GA09-6380-MU,FID-GA-09,PL-Gamma,72,1
2024-08-01,GA09-9831-UE,FID-GA-09,PL-Gamma,43,1
2024-09-01,GA09-9831-UE,FID-GA-09,PL-Gamma,63,1
2024-10-01,GA09-9831-UE,FID-GA-09,PL-Gamma,90,1
2024-11-01,GA09-9831-UE,FID-GA-09,PL-Gamma,69,1
2024-12-01,GA09-9831-UE,FID-GA-09,PL-Gamma,81,1
2022-01-01,GA10-3774-CL,FID-GA-10,PL-Gamma,209,1
2022-02-01,GA10-3774-CL,FID-GA-10,PL-Gamma,221,1
2022-03-01,GA10-3774-CL,FID-GA-10,PL-Gamma,178,1
2022-04-01,GA10-3774-CL,FID-GA-10,PL-Gamma,243,1
2022-05-01,GA10-3774-CL,FID-GA-10,PL-Gamma,183,1
2022-06-01,GA10-3774-CL,FID-GA-10,PL-Gamma,229,1
2022-07-01,GA10-3774-CL,FID-GA-10,PL-Gamma,191,1
2022-08-01,GA10-3774-CL,FID-GA-10,PL-Gamma,207,1
2022-09-01,GA10-3774-CL,FID-GA-10,PL-Gamma,161,1
2022-10-01,GA10-3774-CL,FID-GA-10,PL-Gamma,158,1
2022-11-01,GA10-3774-CL,FID-GA-10,PL-Gamma,193,1
2022-12-01,GA10-4441-LM,FID-GA-10,PL-Gamma,208,1
2023-01-01,GA10-4441-LM,FID-GA-10,PL-Gamma,248,1
2023-02-01,GA10-4441-LM,FID-GA-10,PL-Gamma,146,1
2023-03-01,GA10-4441-LM,FID-GA-10,PL-Gamma,144,1
2023-04-01,GA10-4441-LM,FID-GA-10,PL-Gamma,142,1
2023-05-01,GA10-4441-LM,FID-GA-10,PL-Gamma,133,1
2023-06-01,GA10-4441-LM,FID-GA-10,PL-Gamma,184,1
2023-07-01,GA10-4441-LM,FID-GA-10,PL-Gamma,212,1
2023-08-01,GA10-4441-LM,FID-GA-10,PL-Gamma,181,1
2023-09-01,GA10-4441-LM,FID-GA-10,PL-Gamma,120,1
2023-10-01,GA10-4441-LM,FID-GA-10,PL-Gamma,176,1
2023-11-01,GA10-4441-LM,FID-GA-10,PL-Gamma,177,1
2023-12-01,GA10-4441-LM,FID-GA-10,PL-Gamma,238,1
2024-01-01,GA10-4441-LM,FID-GA-10,PL-Gamma,201,1
2024-02-01,GA10-4441-LM,FID-GA-10,PL-Gamma,170,1
2024-03-01,GA10-4441-LM,FID-GA-10,PL-Gamma,227,1
2024-04-01,GA10-4441-LM,FID-GA-10,PL-Gamma,193,1
2024-05-01,GA10-4441-LM,FID-GA-10,PL-Gamma,196,1
2024-06-01,GA10-4441-LM,FID-GA-10,PL-Gamma,184,1
2024-07-01,GA10-4441-LM,FID-GA-10,PL-Gamma,190,1
2024-08-01,GA10-4441-LM,FID-GA-10,PL-Gamma,202,1
2024-09-01,GA10-4441-LM,FID-GA-10,PL-Gamma,159,1
2024-10-01,GA10-4441-LM,FID-GA-10,PL-Gamma,205,1
2024-11-01,GA10-4441-LM,FID-GA-10,PL-Gamma,144,1
2024-12-01,GA10-4441-LM,FID-GA-10,PL-Gamma,190,1
2022-01-01,GA11-7415-SR,FID-GA-11,PL-Gamma,201,1
2022-02-01,GA11-7415-SR,FID-GA-11,PL-Gamma,120,1
2022-03-01,GA11-7415-SR,FID-GA-11,PL-Gamma,161,1
2022-04-01,GA11-7415-SR,FID-GA-11,PL-Gamma,121,1
2022-05-01,GA11-7415-SR,FID-GA-11,PL-Gamma,135,1
2022-06-01,GA11-7415-SR,FID-GA-11,PL-Gamma,134,1
2022-07-01,GA11-7415-SR,FID-GA-11,PL-Gamma,177,1
2022-08-01,GA11-7415-SR,FID-GA-11,PL-Gamma,156,1
2022-09-01,GA11-7415-SR,FID-GA-11,PL-Gamma,144,1
2022-10-01,GA11-7415-SR,FID-GA-11,PL-Gamma,160,1
2022-11-01,GA11-7415-SR,FID-GA-11,PL-Gamma,104,1
2022-12-01,GA11-7415-SR,FID-GA-11,PL-Gamma,150,1
2023-01-01,GA11-7415-SR,FID-GA-11,PL-Gamma,225,1
2023-02-01,GA11-7415-SR,FID-GA-11,PL-Gamma,154,1
2023-03-01,GA11-7415-SR,FID-GA-11,PL-Gamma,153,1
2023-04-01,GA11-7415-SR,FID-GA-11,PL-Gamma,164,1
2023-05-01,GA11-7415-SR,FID-GA-11,PL-Gamma,172,1
2023-06-01,GA11-7415-SR,FID-GA-11,PL-Gamma,110,1
2023-07-01,GA11-3026-ZC,FID-GA-11,PL-Gamma,117,1
2023-08-01,GA11-3026-ZC,FID-GA-11,PL-Gamma,159,1
2023-09-01,GA11-3026-ZC,FID-GA-11,PL-Gamma,139,1
2023-10-01,GA11-3026-ZC,FID-GA-11,PL-Gamma,184,1
2023-11-01,GA11-3026-ZC,FID-GA-11,PL-Gamma,149,1
2023-12-01,GA11-3026-ZC,FID-GA-11,PL-Gamma,114,1
2024-01-01,GA11-3026-ZC,FID-GA-11,PL-Gamma,172,1
2024-02-01,GA11-3026-ZC,FID-GA-11,PL-Gamma,98,1
2024-03-01,GA11-3026-ZC,FID-GA-11,PL-Gamma,153,1
2024-04-01,GA11-2770-KI,FID-GA-11,PL-Gamma,154,1
2024-05-01,GA11-2770-KI,FID-GA-11,PL-Gamma,150,1
2024-06-01,GA11-2770-KI,FID-GA-11,PL-Gamma,183,1
2024-07-01,GA11-2770-KI,FID-GA-11,PL-Gamma,186,1
2024-08-01,GA11-2770-KI,FID-GA-11,PL-Gamma,157,1
2024-09-01,GA11-2770-KI,FID-GA-11,PL-Gamma,115,1
2024-10-01,GA11-2770-KI,FID-GA-11,PL-Gamma,175,1
2024-11-01,GA11-2770-KI,FID-GA-11,PL-Gamma,174,1
2024-12-01,GA11-2770-KI,FID-GA-11,PL-Gamma,169,1
2022-01-01,GA12-2871-WG,FID-GA-12,PL-Gamma,241,1
2022-02-01,GA12-2871-WG,FID-GA-12,PL-Gamma,169,1
2022-03-01,GA12-2871-WG,FID-GA-12,PL-Gamma,208,1
2022-04-01,GA12-2871-WG,FID-GA-12,PL-Gamma,168,1
2022-05-01,GA12-2871-WG,FID-GA-12,PL-Gamma,129,1
2022-06-01,GA12-2871-WG,FID-GA-12,PL-Gamma,155,1
2022-07-01,GA12-2871-WG,FID-GA-12,PL-Gamma,191,1
2022-08-01,GA12-2871-WG,FID-GA-12,PL-Gamma,188,1
2022-09-01,GA12-2871-WG,FID-GA-12,PL-Gamma,139,1
2022-10-01,GA12-2871-WG,FID-GA-12,PL-Gamma,161,1
2022-11-01,GA12-2871-WG,FID-GA-12,PL-Gamma,166,1
2022-12-01,GA12-2871-WG,FID-GA-12,PL-Gamma,173,1
2023-01-01,GA12-2871-WG,FID-GA-12,PL-Gamma,212,1
2023-02-01,GA12-9077-EL,FID-GA-12,PL-Gamma,168,1
2023-03-01,GA12-9077-EL,FID-GA-12,PL-Gamma,166,1
2023-04-01,GA12-9077-EL,FID-GA-12,PL-Gamma,206,1
2023-05-01,GA12-9077-EL,FID-GA-12,PL-Gamma,208,1
2023-06-01,GA12-9077-EL,FID-GA-12,PL-Gamma,184,1
2023-07-01,GA12-9077-EL,FID-GA-12,PL-Gamma,179,1
2023-08-01,GA12-9077-EL,FID-GA-12,PL-Gamma,194,1
2023-09-01,GA12-9077-EL,FID-GA-12,PL-Gamma,170,1
2023-10-01,GA12-9077-EL,FID-GA-12,PL-Gamma,163,1
2023-11-01,GA12-9077-EL,FID-GA-12,PL-Gamma,169,1
2023-12-01,GA12-9077-EL,FID-GA-12,PL-Gamma,178,1
2024-01-01,GA12-9077-EL,FID-GA-12,PL-Gamma,210,1
2024-02-01,GA12-9077-EL,FID-GA-12,PL-Gamma,200,1
2024-03-01,GA12-9077-EL,FID-GA-12,PL-Gamma,216,1
2024-04-01,GA12-9077-EL,FID-GA-12,PL-Gamma,157,1
2024-05-01,GA12-5669-KH,FID-GA-12,PL-Gamma,200,1
2024-06-01,GA12-5669-KH,FID-GA-12,PL-Gamma,194,1
2024-07-01,GA12-5669-KH,FID-GA-12,PL-Gamma,210,1
2024-08-01,GA12-5669-KH,FID-GA-12,PL-Gamma,202,1
2024-09-01,GA12-5669-KH,FID-GA-12,PL-Gamma,166,1
2024-10-01,GA12-5669-KH,FID-GA-12,PL-Gamma,172,1
2024-11-01,GA12-5669-KH,FID-GA-12,PL-Gamma,206,1
2024-12-01,GA12-5669-KH,FID-GA-12,PL-Gamma,232,1
